CASENUM,SURVIVED,REGION,PSU,PJ,PSU_VAR,URBANICITY,STRATUM,VE_TOTAL,VE_FORMS,PVH_INVL,PEDS,PERMVIT,PERNOTMVIT,NUM_INJ,MONTH,YEAR,DAY_WEEK,HOUR,MINUTE,HARM_EV,ALCOHOL,MAX_SEV,MAN_COLL,RELJCT1,RELJCT2,TYP_INT,WRK_ZONE,REL_ROAD,LGT_COND,WEATHER1,WEATHER2,WEATHER,SCH_BUS,INT_HWY,CF1,CF2,CF3,WKDY_IM,HOUR_IM,MINUTE_IM,EVENT1_IM,MANCOL_IM,RELJCT1_IM,RELJCT2_IM,LGTCON_IM,WEATHR_IM,MAXSEV_IM,NO_INJ_IM,ALCHL_IM,PSUSTRAT,WEIGHT
2.02E+11,1.00E+00,3,55,1055,55,2,8,1,1,0,0,3,0,2,1,2018,4,13,0,34,2,1,0,0,1,1,0,4,1,10,0,10,0,0,0,0,0,4,13,0,34,0,0,1,1,10,1,2,2,17,154.6972419
2.02E+11,0.00E+00,3,55,1055,55,2,10,2,2,0,0,2,0,0,1,2018,5,11,15,12,2,0,1,0,3,2,0,1,1,1,0,1,0,0,0,0,0,5,11,15,12,1,0,3,1,1,0,0,2,17,240.7697065
2.02E+11,0.00E+00,3,55,1055,55,2,6,2,2,0,0,2,0,1,1,2018,2,5,47,12,2,1,1,0,1,1,0,1,2,1,0,1,0,0,0,0,0,2,5,47,12,1,0,1,2,1,1,1,2,17,65.24343019
2.02E+11,0.00E+00,3,55,1055,55,2,9,2,2,0,0,5,0,0,1,2018,4,19,10,12,2,0,7,0,1,1,0,1,2,10,0,10,0,0,0,0,0,4,19,10,12,7,0,1,2,10,0,0,2,17,169.9621308
2.02E+11,1.00E+00,3,55,1070,55,2,9,1,1,0,0,1,0,0,1,2018,4,7,40,34,2,0,0,0,1,1,0,4,1,1,0,1,0,0,0,0,0,4,7,40,34,0,0,1,1,1,0,0,2,17,169.9621308
2.02E+11,1.00E+00,3,55,1070,55,2,10,1,1,0,0,3,0,0,1,2018,2,6,36,34,2,0,0,0,5,1,0,4,4,2,0,2,0,0,0,0,0,2,6,36,34,0,0,5,4,2,0,0,2,17,240.7697065
2.02E+11,1.00E+00,3,55,1070,55,2,6,2,2,0,0,2,0,1,1,2018,5,18,0,12,2,1,1,0,3,2,0,1,2,1,0,1,0,0,0,0,0,5,18,0,12,1,0,3,2,1,1,1,2,17,65.24343019
2.02E+11,1.00E+00,3,55,1070,55,2,7,2,2,0,0,4,0,3,1,2018,2,3,30,12,2,1,7,0,1,1,0,1,2,10,0,10,0,0,0,0,0,2,3,30,12,7,0,1,2,10,1,3,2,17,130.5725127
2.02E+11,1.00E+00,3,55,1055,55,2,6,1,1,0,0,1,0,1,1,2018,2,5,51,34,2,1,0,0,1,1,0,4,1,2,0,2,0,0,0,0,0,2,5,51,34,0,0,1,1,2,1,1,2,17,65.24343019
2.02E+11,1.00E+00,3,55,1055,55,2,8,1,1,0,0,2,0,2,1,2018,3,22,36,59,2,1,0,0,1,1,0,3,2,8,0,8,0,0,0,0,0,3,22,36,59,0,0,1,2,8,1,2,2,17,154.6972419
2.02E+11,1.00E+00,3,51,1117,51,1,10,1,1,0,0,1,0,0,1,2018,1,20,20,24,2,0,0,0,1,1,0,3,2,2,0,2,0,1,0,0,0,1,20,20,24,0,0,1,2,2,0,0,2,10,239.8061848
2.02E+11,1.00E+00,3,51,1079,51,1,8,2,2,0,0,2,0,1,1,2018,6,17,45,12,2,1,1,8,3,3,0,1,3,1,0,1,0,0,0,0,0,6,17,45,12,1,0,3,3,1,1,1,2,10,161.7415075
2.02E+11,0.00E+00,3,51,1079,51,1,6,2,2,0,0,2,0,2,1,2018,4,15,0,12,2,1,6,8,2,3,0,1,1,10,0,10,0,0,0,0,0,4,15,0,12,6,0,2,1,10,1,2,2,10,67.85786884
2.02E+11,1.00E+00,3,51,1079,51,1,9,2,2,0,0,4,0,0,1,2018,3,8,5,12,2,0,1,0,1,1,0,1,1,1,0,1,0,0,0,0,0,3,8,5,12,1,0,1,1,1,0,0,2,10,170.9125413
2.02E+11,1.00E+00,3,51,1117,51,1,2,1,1,0,1,1,1,1,1,2018,6,5,10,8,2,4,0,0,1,1,0,1,2,1,0,1,0,0,0,0,0,6,5,10,8,0,0,1,2,1,4,1,2,10,31.23151191
2.02E+11,0.00E+00,3,51,1079,51,1,10,2,2,0,0,2,0,0,1,2018,4,11,5,12,2,0,1,0,1,1,0,1,1,1,0,1,0,0,0,0,0,4,11,5,12,1,0,1,1,1,0,0,2,10,239.8061849
2.02E+11,0.00E+00,3,51,1117,51,1,9,2,2,0,0,2,0,0,1,2018,5,17,8,12,2,0,1,0,1,1,0,1,1,1,0,1,0,0,0,0,0,5,17,8,12,1,0,1,1,1,0,0,2,10,170.9125412
2.02E+11,0.00E+00,3,51,1117,51,1,10,1,1,0,0,1,0,0,1,2018,4,8,40,57,2,0,0,0,1,1,0,3,1,1,0,1,0,1,0,0,0,4,8,40,57,0,0,1,1,1,0,0,2,10,239.8061848
2.02E+11,0.00E+00,3,51,1079,51,1,5,4,4,0,0,4,0,4,1,2018,3,10,10,12,2,3,1,0,1,1,0,1,1,10,0,10,0,0,28,0,0,3,10,10,12,1,0,1,1,10,3,4,2,10,28.55232138
2.02E+11,0.00E+00,3,51,1117,51,1,9,2,2,0,0,2,0,0,1,2018,3,7,25,12,2,0,1,0,1,1,0,1,1,10,0,10,0,0,0,0,0,3,7,25,12,1,0,1,1,10,0,0,2,10,170.9125412
2.02E+11,0.00E+00,3,38,573,38,1,9,2,2,0,0,2,0,0,1,2018,3,18,23,12,2,0,1,8,3,2,0,1,2,1,0,1,0,0,0,0,0,3,18,23,12,1,0,3,2,1,0,0,2,14,170.6493625
2.02E+11,1.00E+00,3,38,573,38,1,4,1,1,0,0,2,0,1,1,2018,4,4,39,42,2,3,0,0,1,1,0,4,3,1,0,1,0,0,0,0,0,4,4,39,42,0,0,1,3,1,3,1,2,14,13.62707383
2.02E+11,1.00E+00,3,38,573,38,1,8,2,2,0,0,2,0,1,1,2018,4,8,35,12,2,1,1,8,3,2,0,1,1,1,0,1,0,0,0,0,0,4,8,35,12,1,0,3,1,1,1,1,2,14,159.5485496
2.02E+11,1.00E+00,4,49,262,49,1,10,2,2,0,0,5,0,0,1,2018,7,16,3,12,2,0,1,8,2,3,0,1,1,1,0,1,0,0,0,0,0,7,16,3,12,1,0,2,1,1,0,0,2,21,287.4625676
2.02E+11,1.00E+00,4,56,208,208,1,9,2,2,0,0,2,0,0,1,2018,3,8,50,12,2,0,1,0,1,1,0,1,1,1,0,1,0,0,0,0,0,3,8,50,12,1,0,1,1,1,0,0,2,20,187.1933079
2.02E+11,1.00E+00,4,56,210,210,1,7,2,2,0,0,2,0,0,1,2018,2,11,40,12,2,0,7,0,1,1,0,1,1,1,0,1,0,1,0,0,0,2,11,40,12,7,0,1,1,1,0,0,2,20,149.7873364
2.02E+11,1.00E+00,4,56,211,211,1,2,1,1,0,1,1,1,1,1,2018,6,22,18,9,2,3,0,8,3,98,0,1,3,1,0,1,0,1,0,0,0,6,22,18,9,0,0,3,3,1,3,1,2,20,34.19455158
2.02E+11,1.00E+00,4,56,189,189,1,5,2,2,0,0,2,0,2,1,2018,5,9,45,12,2,3,6,8,8,1,0,1,1,1,0,1,0,0,0,0,0,5,9,45,12,6,0,8,1,1,3,2,2,20,30.49019037
2.02E+11,1.00E+00,4,56,189,189,1,4,2,2,0,0,2,0,1,1,2018,3,6,35,12,2,3,6,8,2,3,0,1,4,1,0,1,0,0,0,0,0,3,6,35,12,6,0,2,4,1,3,1,2,20,15.05717047
2.02E+11,1.00E+00,3,38,573,38,1,9,2,2,0,0,2,0,0,1,2018,4,18,5,12,2,0,1,0,1,1,0,1,3,1,0,1,0,0,0,0,0,4,18,5,12,1,0,1,3,1,0,0,2,14,170.6493625
2.02E+11,1.00E+00,3,38,573,38,1,10,2,2,0,0,2,0,0,1,2018,4,18,14,12,2,0,6,8,2,2,0,1,3,1,0,1,0,0,0,0,0,4,18,14,12,6,0,2,3,1,0,0,2,14,239.7134985
2.02E+11,0.00E+00,3,38,573,38,1,7,3,3,0,0,3,0,0,1,2018,5,7,30,12,2,0,1,8,3,2,0,1,1,1,0,1,1,0,0,0,0,5,7,30,12,1,0,3,1,1,0,0,2,14,134.170142
2.02E+11,0.00E+00,3,51,1117,51,1,7,2,2,0,0,2,0,1,1,2018,6,12,56,12,2,1,6,8,2,2,0,1,1,1,0,1,0,1,0,0,0,6,12,56,12,6,0,2,1,1,1,1,2,10,134.1549106
2.02E+11,0.00E+00,3,51,1079,51,1,7,2,2,0,0,2,0,0,1,2018,4,13,35,12,2,0,6,8,2,3,0,1,1,1,0,1,0,0,0,0,0,4,13,35,12,6,0,2,1,1,0,0,2,10,134.1549106
2.02E+11,1.00E+00,3,38,573,38,1,6,2,2,0,0,3,0,1,1,2018,3,12,14,12,2,1,1,8,3,98,0,1,1,1,0,1,0,0,0,0,0,3,12,14,12,1,0,3,1,1,1,1,2,14,68.14022452
2.02E+11,1.00E+00,3,38,573,38,1,9,2,2,0,0,3,0,0,1,2018,3,18,30,12,2,0,7,8,3,2,0,1,3,1,0,1,0,0,0,0,0,3,18,30,12,7,0,3,3,1,0,0,2,14,170.6493625
2.02E+11,1.00E+00,4,49,261,49,1,7,1,1,0,0,1,0,1,1,2018,3,8,10,19,9,5,0,8,3,3,0,5,1,10,0,10,0,0,0,0,0,3,8,10,19,0,0,3,1,10,5,1,2,21,169.6634056
2.02E+11,1.00E+00,4,49,261,49,1,6,2,2,0,0,2,0,1,1,2018,5,18,16,12,2,1,1,0,1,1,0,1,3,10,2,2,0,0,0,0,0,5,18,16,12,1,0,1,3,2,1,1,2,21,83.84834563
2.02E+11,0.00E+00,4,49,262,49,1,6,2,2,0,0,2,0,1,1,2018,2,18,15,12,2,1,7,0,1,1,0,1,3,10,0,10,0,0,0,0,0,2,18,15,12,7,0,1,3,10,1,1,2,21,83.84834563
2.02E+11,1.00E+00,2,14,2755,14,2,9,2,2,0,0,2,0,0,1,2018,7,14,55,12,1,0,1,0,1,1,0,1,1,1,0,1,0,0,0,0,0,7,14,55,12,1,0,1,1,1,0,0,1,9,415.0764655
2.02E+11,1.00E+00,4,68,295,68,1,9,1,1,0,0,1,0,0,1,2018,1,4,25,38,1,0,0,0,1,1,0,5,2,1,0,1,0,0,0,0,0,1,4,25,38,0,0,1,2,1,0,0,1,23,190.6981016
2.02E+11,1.00E+00,4,56,214,214,1,7,2,2,0,0,2,0,0,1,2018,5,15,35,12,2,0,6,0,1,1,0,1,1,1,0,1,1,0,0,0,0,5,15,35,12,6,0,1,1,1,0,0,2,20,149.7873365
2.02E+11,1.00E+00,4,56,214,214,1,9,2,2,0,0,2,0,0,1,2018,5,11,30,12,2,0,7,0,1,1,0,1,1,1,0,1,0,1,0,0,0,5,11,30,12,7,0,1,1,1,0,0,2,20,187.1933079
2.02E+11,1.00E+00,4,56,214,214,1,6,2,2,0,0,7,0,2,1,2018,7,18,30,12,2,1,1,0,1,1,0,1,3,1,0,1,0,0,0,0,0,7,18,30,12,1,0,1,3,1,1,2,2,20,76.42125785
2.02E+11,1.00E+00,4,56,214,214,1,10,2,2,0,0,2,0,0,1,2018,4,15,26,12,2,0,7,0,1,1,0,1,1,1,0,1,0,1,0,0,0,4,15,26,12,7,0,1,1,1,0,0,2,20,265.2322733
2.02E+11,0.00E+00,4,68,4055,68,1,3,2,2,0,0,2,0,1,1,2018,3,17,40,12,2,1,6,8,8,1,0,1,5,1,0,1,0,0,0,0,0,3,17,40,12,6,0,8,5,1,1,1,2,23,30.42650221
2.02E+11,1.00E+00,3,38,573,38,1,10,2,2,0,0,2,0,0,1,2018,6,6,17,12,2,0,1,8,3,2,0,1,3,1,0,1,0,0,0,0,0,6,6,17,12,1,0,3,3,1,0,0,2,14,239.7134985
2.02E+11,1.00E+00,3,38,573,38,1,8,2,2,0,0,4,0,1,1,2018,2,16,44,12,2,1,6,8,2,98,0,1,1,1,0,1,0,0,0,0,0,2,16,44,12,6,0,2,1,1,1,1,2,14,159.5485496
2.02E+11,1.00E+00,3,38,573,38,1,6,2,2,0,0,6,0,2,1,2018,6,18,53,12,2,1,6,8,2,2,0,1,2,1,0,1,0,0,0,0,0,6,18,53,12,6,0,2,2,1,1,2,2,14,68.14022452
2.02E+11,1.00E+00,3,38,573,38,1,9,2,2,0,0,2,0,0,1,2018,6,7,59,12,2,0,1,0,1,1,0,1,1,1,0,1,0,0,0,0,0,6,7,59,12,1,0,1,1,1,0,0,2,14,170.6493625
2.02E+11,1.00E+00,2,77,640,77,2,10,1,1,0,0,1,0,99,1,2018,6,17,0,11,9,9,0,0,1,1,0,1,8,98,0,98,0,0,0,0,0,6,17,0,11,0,0,1,1,1,0,0,2,9,234.8832348
2.02E+11,1.00E+00,2,77,641,77,2,9,2,1,1,0,1,0,0,1,2018,3,11,2,14,2,0,0,0,1,1,0,7,1,10,0,10,0,0,0,0,0,3,11,2,14,0,0,1,1,10,0,0,2,9,167.0600857
2.02E+11,1.00E+00,2,77,641,77,2,10,1,1,0,0,2,0,0,1,2018,2,13,59,59,2,0,0,0,3,2,0,4,1,10,0,10,0,0,0,0,0,2,13,59,59,0,0,3,1,10,0,0,2,9,234.8832349
2.02E+11,1.00E+00,2,77,641,77,2,9,2,2,0,0,3,0,0,1,2018,3,12,9,12,2,0,7,0,3,2,0,1,1,10,0,10,0,0,0,0,0,3,12,9,12,7,0,3,1,10,0,0,2,9,167.0600857
2.02E+11,1.00E+00,2,77,641,77,2,10,2,2,0,0,2,0,0,1,2018,6,11,55,12,2,0,1,0,1,1,3,1,1,1,0,1,0,0,0,0,0,6,11,55,12,1,0,1,1,1,0,0,2,9,234.8832349
2.02E+11,1.00E+00,2,77,641,77,2,9,2,2,0,0,2,0,0,1,2018,2,7,44,12,2,0,7,0,3,3,0,1,1,10,0,10,0,0,0,0,0,2,7,44,12,7,0,3,1,10,0,0,2,9,167.0600857
2.02E+11,0.00E+00,2,77,641,77,2,10,2,1,1,0,1,0,0,1,2018,4,6,0,14,2,0,0,8,8,1,0,7,6,1,0,1,0,0,0,0,0,4,6,0,14,0,0,8,6,1,0,0,2,9,234.8832349
2.02E+11,1.00E+00,2,77,641,77,2,10,2,2,0,0,2,0,0,1,2018,4,13,50,12,2,0,6,0,2,2,0,1,1,1,0,1,0,0,0,0,0,4,13,50,12,6,0,2,1,1,0,0,2,9,234.8832349
2.02E+11,1.00E+00,2,77,641,77,2,10,2,2,0,0,4,0,0,1,2018,1,15,37,12,2,0,6,0,2,2,0,1,1,12,0,12,0,0,0,0,0,1,15,37,12,6,0,2,1,12,0,0,2,9,234.8832349
2.02E+11,1.00E+00,2,77,641,77,2,10,2,2,0,0,2,0,0,1,2018,3,16,43,12,2,0,1,0,3,2,0,1,5,1,0,1,0,0,0,0,0,3,16,43,12,1,0,3,5,1,0,0,2,9,234.8832349
2.02E+11,1.00E+00,2,77,641,77,2,2,1,1,0,1,1,1,1,1,2018,4,17,11,9,2,1,0,8,8,1,0,1,2,10,0,10,0,0,0,0,0,4,17,11,9,0,0,8,2,10,1,1,2,9,74.4925966
2.02E+11,1.00E+00,2,77,641,77,2,5,1,1,0,0,1,0,1,1,2018,5,16,8,42,9,3,0,0,3,2,0,4,5,10,0,10,0,0,0,0,0,5,16,8,42,0,0,3,5,10,3,1,2,9,74.4925966
2.02E+11,1.00E+00,2,77,641,77,2,6,2,2,0,0,2,0,1,1,2018,3,8,1,12,2,1,1,0,3,2,0,1,1,10,0,10,0,0,0,0,0,3,8,1,12,1,0,3,1,10,1,1,2,9,74.11694295
2.02E+11,1.00E+00,2,77,641,77,2,9,1,1,0,0,1,0,0,1,2018,5,8,7,59,2,0,0,8,3,2,0,4,1,1,0,1,0,0,0,0,0,5,8,7,59,0,1,3,1,1,0,0,2,9,167.0600857
2.02E+11,1.00E+00,2,77,641,77,2,8,1,1,0,0,2,0,1,1,2018,3,8,36,19,2,1,0,0,3,2,0,5,1,10,0,10,0,0,0,0,0,3,8,36,19,0,0,3,1,10,1,1,2,9,160.4076611
2.02E+11,1.00E+00,2,77,641,77,2,6,3,3,0,0,4,0,1,1,2018,4,9,23,12,2,1,6,8,2,2,0,1,1,10,0,10,0,0,0,0,0,4,9,23,12,6,0,2,1,10,1,1,2,9,74.11694295
2.02E+11,1.00E+00,2,77,641,77,2,10,2,2,0,0,2,0,0,1,2018,5,12,1,12,2,0,8,0,1,1,0,1,1,12,0,12,0,0,0,0,0,5,12,1,12,8,0,1,1,12,0,0,2,9,234.8832349
2.02E+11,1.00E+00,2,77,641,77,2,10,2,2,0,0,3,0,0,1,2018,4,13,41,12,2,0,7,8,8,1,0,1,1,1,0,1,0,0,0,0,0,4,13,41,12,7,0,8,1,1,0,0,2,9,234.8832349
2.02E+11,1.00E+00,2,77,641,77,2,7,1,1,0,0,1,0,0,1,2018,2,7,57,30,2,0,0,0,3,3,0,4,1,10,0,10,0,0,0,0,0,2,7,57,30,0,0,3,1,10,0,0,2,9,135.3841403
2.02E+11,1.00E+00,2,77,641,77,2,10,2,2,0,0,3,0,0,1,2018,2,11,36,12,2,0,6,0,1,1,0,4,1,10,0,10,0,0,0,0,0,2,11,36,12,6,0,1,1,10,0,0,2,9,234.8832349
2.02E+11,1.00E+00,2,77,650,77,2,10,1,1,0,0,1,0,0,1,2018,5,7,28,11,9,0,0,0,1,1,0,1,8,98,0,98,0,0,0,0,0,5,7,28,11,0,0,1,1,1,0,0,2,9,234.8832349
2.02E+11,1.00E+00,2,77,650,77,2,8,1,1,0,0,1,0,1,1,2018,5,9,48,1,2,1,0,0,1,1,0,4,1,10,0,10,0,0,0,0,0,5,9,48,1,0,0,1,1,10,1,1,2,9,160.407661
2.02E+11,1.00E+00,2,77,650,77,2,9,1,1,0,0,2,0,0,1,2018,5,18,3,11,2,0,0,0,1,1,0,1,8,98,0,98,0,0,0,0,0,5,18,3,11,0,0,1,5,10,1,1,2,9,167.0600857
2.02E+11,1.00E+00,2,77,650,77,2,9,1,1,0,0,2,0,0,1,2018,5,17,58,11,9,0,0,0,1,1,0,1,8,98,0,98,0,0,0,0,0,5,17,58,11,0,0,1,5,4,0,0,2,9,167.0600857
2.02E+11,1.00E+00,2,77,625,77,2,9,1,1,0,0,1,0,99,1,2018,7,4,53,11,2,9,0,0,1,1,0,1,8,98,0,98,0,0,0,0,0,7,4,53,11,0,0,1,2,10,0,0,2,9,167.0600857
2.02E+11,1.00E+00,2,77,652,77,2,10,2,2,0,0,3,0,0,1,2018,2,17,57,12,9,0,1,0,1,1,0,1,2,10,0,10,0,0,0,0,0,2,17,57,12,1,0,1,2,10,0,0,2,9,234.8832349
2.02E+11,1.00E+00,2,77,652,77,2,10,1,1,0,0,1,0,99,1,2018,1,19,12,11,9,9,0,0,1,1,0,1,8,98,0,98,0,0,0,0,0,1,19,12,11,0,0,1,2,1,0,0,2,9,234.8832349
2.02E+11,0.00E+00,2,77,652,77,2,10,1,1,0,0,2,0,1,1,2018,6,12,11,59,2,1,0,0,1,1,0,4,1,1,0,1,0,0,0,0,0,6,12,11,59,0,0,1,1,1,1,1,2,9,234.8832349
2.02E+11,1.00E+00,2,77,652,77,2,10,1,1,0,0,1,0,0,1,2018,7,21,30,34,9,0,0,0,1,1,0,4,2,1,0,1,0,0,0,0,0,7,21,30,34,0,0,1,2,1,0,0,2,9,234.8832349
2.02E+11,1.00E+00,2,77,687,77,2,10,2,1,1,0,1,0,0,1,2018,6,17,30,14,2,0,0,0,1,1,0,7,2,1,0,1,0,0,19,0,0,6,17,30,14,0,0,1,2,1,0,0,2,9,239.5406201
2.02E+11,0.00E+00,2,77,687,77,2,9,2,2,0,0,3,0,0,1,2018,2,14,51,12,2,0,6,0,2,3,0,1,1,1,0,1,0,0,0,0,0,2,14,51,12,6,0,2,1,1,0,0,2,9,238.4839313
2.02E+11,0.00E+00,2,77,687,77,2,10,2,2,0,0,2,0,0,1,2018,5,5,54,12,9,0,6,8,2,3,0,1,2,1,0,1,0,0,0,0,0,5,5,54,12,6,0,2,2,1,0,0,2,9,239.5406201
2.02E+11,1.00E+00,2,77,687,77,2,7,2,1,1,0,1,0,0,1,2018,2,12,35,14,2,0,0,0,1,1,0,7,1,1,0,1,0,0,0,0,0,2,12,35,14,0,0,1,1,1,0,0,2,9,244.8210033
2.02E+11,1.00E+00,2,77,687,77,2,9,2,2,0,0,2,0,0,1,2018,5,9,45,12,2,0,6,0,2,3,0,1,1,1,0,1,0,0,0,0,0,5,9,45,12,6,0,2,1,1,0,0,2,9,238.4839313
2.02E+11,1.00E+00,2,77,687,77,2,10,2,2,0,0,2,0,0,1,2018,7,12,0,12,2,0,6,0,2,2,0,1,1,10,0,10,0,0,14,0,0,7,12,0,12,6,0,2,1,10,0,0,2,9,239.5406201
2.02E+11,1.00E+00,2,77,625,77,2,8,1,1,0,0,4,0,1,1,2018,2,16,43,57,2,2,0,1,19,1,0,3,1,10,0,10,0,1,0,0,0,2,16,43,57,0,1,19,1,10,2,1,2,9,160.407661
2.02E+11,1.00E+00,2,77,625,77,2,10,1,1,0,0,4,0,0,1,2018,1,21,19,25,2,0,0,0,1,1,0,3,2,4,0,4,0,1,0,0,0,1,21,19,25,0,0,1,2,4,0,0,2,9,234.8832348
2.02E+11,1.00E+00,2,77,625,77,2,7,1,1,0,0,1,0,0,1,2018,4,12,47,34,2,0,0,0,1,1,0,4,1,1,0,1,0,1,0,0,0,4,12,47,34,0,0,1,1,1,0,0,2,9,135.3841402
2.02E+11,1.00E+00,2,77,625,77,2,5,1,1,0,0,1,0,1,1,2018,5,6,0,23,2,4,0,0,1,1,0,4,2,1,0,1,0,0,0,0,0,5,6,0,23,0,0,1,2,1,4,1,2,9,69.05316202
2.02E+11,1.00E+00,2,77,625,77,2,10,1,1,0,0,1,0,99,1,2018,2,6,32,11,9,9,0,0,1,1,0,1,8,98,0,98,0,0,0,0,0,2,6,32,11,0,0,1,2,1,1,1,2,9,234.8832348
2.02E+11,1.00E+00,3,52,610,52,2,10,1,1,0,0,2,0,0,1,2018,3,18,20,11,2,0,0,0,1,1,0,1,2,1,0,1,0,0,0,0,0,3,18,20,11,0,0,1,2,1,0,0,2,18,229.5893753
2.02E+11,1.00E+00,3,52,610,52,2,7,1,1,0,0,1,0,0,1,2018,6,6,45,11,2,0,0,0,1,1,0,1,4,1,0,1,0,0,0,0,0,6,6,45,11,0,0,1,4,1,0,0,2,18,131.6817015
2.02E+11,1.00E+00,3,52,610,52,2,9,1,1,0,0,1,0,0,1,2018,3,6,25,11,2,0,0,0,1,1,0,1,2,10,0,10,0,0,0,0,0,3,6,25,11,0,0,1,2,10,0,0,2,18,167.3420702
2.02E+11,1.00E+00,3,52,610,52,2,5,2,2,0,0,2,0,2,1,2018,5,6,50,12,2,3,1,0,8,1,0,1,2,2,0,2,0,0,0,0,0,5,6,50,12,1,0,8,2,2,3,2,2,18,29.71208287
2.02E+11,1.00E+00,3,52,610,52,2,5,2,2,0,0,2,0,1,1,2018,2,18,35,12,2,3,6,0,2,3,0,1,2,1,0,1,0,0,0,0,0,2,18,35,12,6,0,2,2,1,3,1,2,18,29.71208287
2.02E+11,1.00E+00,3,52,610,52,2,5,1,1,0,0,1,0,1,1,2018,4,13,55,53,2,3,0,0,1,1,0,4,1,1,0,1,0,0,0,0,0,4,13,55,53,0,0,1,1,1,3,1,2,18,29.71208287
2.02E+11,1.00E+00,3,52,610,52,2,10,2,2,0,0,2,0,0,1,2018,4,15,30,12,2,0,2,0,1,1,0,1,1,1,0,1,0,0,0,0,0,4,15,30,12,2,0,1,1,1,0,0,2,18,229.5893753
2.02E+11,1.00E+00,3,52,610,52,2,10,2,2,0,0,2,0,0,1,2018,4,8,17,12,2,0,1,0,1,1,0,1,1,1,0,1,0,0,0,0,0,4,8,17,12,1,0,1,1,1,0,0,2,18,229.5893753
2.02E+11,1.00E+00,3,52,587,52,2,6,2,2,0,0,6,0,1,1,2018,7,18,33,12,2,2,6,0,2,2,0,1,3,1,0,1,0,0,0,0,0,7,18,33,12,6,0,2,3,1,2,1,2,18,67.26078683
2.02E+11,1.00E+00,3,52,606,52,2,10,1,1,0,0,1,0,0,1,2018,6,0,0,59,2,0,0,0,3,3,0,4,2,1,0,1,0,0,0,0,0,6,0,0,59,0,0,3,2,1,0,0,2,18,229.5893753
2.02E+11,1.00E+00,3,52,606,52,2,9,1,1,0,0,1,0,0,1,2018,3,18,50,11,2,0,0,0,1,1,0,1,2,1,0,1,0,0,0,0,0,3,18,50,11,0,0,1,2,1,0,0,2,18,167.3420702
2.02E+11,1.00E+00,3,52,606,52,2,9,1,1,0,0,1,0,0,1,2018,7,12,10,42,2,0,0,0,1,1,0,4,1,10,0,10,0,0,0,0,0,7,12,10,42,0,0,1,1,10,0,0,2,18,167.3420702
2.02E+11,1.00E+00,3,52,606,52,2,10,1,1,0,0,1,0,0,1,2018,4,21,28,42,2,0,0,0,1,1,0,4,2,1,0,1,0,0,0,0,0,4,21,28,42,0,0,1,2,1,0,0,2,18,229.5893753
2.02E+11,1.00E+00,3,52,606,52,2,5,1,1,0,0,3,0,3,1,2018,5,15,49,42,2,3,0,0,1,1,0,4,1,1,0,1,0,0,0,0,0,5,15,49,42,0,0,1,1,1,3,3,2,18,71.62321415
2.02E+11,1.00E+00,4,64,305,64,1,5,3,3,0,0,5,0,3,1,2018,6,14,20,12,2,3,2,0,1,1,0,1,1,1,0,1,0,0,0,0,0,6,14,20,12,2,0,1,1,1,3,3,2,23,32.50973586
2.02E+11,1.00E+00,4,49,262,49,1,7,3,3,0,0,3,0,2,1,2018,2,16,14,12,2,2,7,0,1,1,0,1,1,2,0,2,0,1,0,0,0,2,16,14,12,7,0,1,1,2,2,2,2,21,169.6634056
2.02E+11,1.00E+00,4,49,4015,49,1,9,2,2,0,0,2,0,0,1,2018,1,16,40,12,1,0,1,8,3,98,0,1,5,1,0,1,0,0,0,0,0,1,16,40,12,1,0,3,5,1,0,0,1,21,211.5103965
2.02E+11,1.00E+00,4,56,211,211,1,10,2,2,0,0,2,0,0,1,2018,3,6,45,12,9,0,1,0,1,1,0,1,1,1,0,1,0,0,0,0,0,3,6,45,12,1,0,1,1,1,0,0,2,20,265.2322733
2.02E+11,1.00E+00,4,56,214,214,1,3,2,2,0,0,2,0,1,1,2018,6,16,0,12,2,3,6,8,8,1,0,1,1,10,2,2,0,0,0,0,0,6,16,0,12,6,0,8,1,2,3,1,2,20,30.93527989
2.02E+11,0.00E+00,4,56,214,214,1,6,3,3,0,0,3,0,1,1,2018,7,7,15,12,2,2,6,8,2,2,0,1,1,1,0,1,0,0,0,0,0,7,7,15,12,6,0,2,1,1,2,1,2,20,76.42125785
2.02E+11,1.00E+00,4,56,214,214,1,9,2,2,0,0,3,0,0,1,2018,6,10,45,12,2,0,1,0,1,1,4,1,1,1,0,1,0,1,0,0,0,6,10,45,12,1,0,1,1,1,0,0,2,20,187.1933079