CASENUM,SURVIVED,REGION,PSU,PJ,PSU_VAR,URBANICITY,STRATUM,VE_TOTAL,VE_FORMS,PVH_INVL,PEDS,PERMVIT,PERNOTMVIT,NUM_INJ,MONTH,YEAR,DAY_WEEK,HOUR,MINUTE,HARM_EV,ALCOHOL,MAX_SEV,MAN_COLL,RELJCT1,RELJCT2,TYP_INT,WRK_ZONE,REL_ROAD,LGT_COND,WEATHER1,WEATHER2,WEATHER,SCH_BUS,INT_HWY,CF1,CF2,CF3,WKDY_IM,HOUR_IM,MINUTE_IM,EVENT1_IM,MANCOL_IM,RELJCT1_IM,RELJCT2_IM,LGTCON_IM,WEATHR_IM,MAXSEV_IM,NO_INJ_IM,ALCHL_IM,PSUSTRAT,WEIGHT
2.02E+11,1.00E+00,3,62,542,62,2,10,2,2,0,0,2,0,0,1,2018,4,18,28,12,2,0,1,8,20,1,0,1,3,1,0,1,0,0,0,0,0,4,18,28,12,1,0,20,3,1,0,0,2,18,233.2197688
2.02E+11,1.00E+00,3,62,542,62,2,7,2,2,0,0,2,0,0,1,2018,5,15,1,12,2,0,1,0,1,1,0,1,1,10,0,10,1,0,0,0,0,5,15,1,12,1,0,1,1,10,0,0,2,18,132.458667
2.02E+11,1.00E+00,3,62,542,62,2,8,2,2,0,0,3,0,2,1,2018,3,15,53,12,2,1,1,0,1,1,0,1,1,1,0,1,1,0,0,0,0,3,15,53,12,1,0,1,1,1,1,2,2,18,157.2876567
2.02E+11,1.00E+00,3,54,516,54,1,7,2,2,0,0,2,0,0,1,2018,6,19,25,12,2,0,1,0,1,1,0,1,2,1,0,1,0,1,0,0,0,6,19,25,12,1,0,1,2,1,0,0,2,14,134.162398
2.02E+11,1.00E+00,3,62,565,62,2,6,2,2,0,0,4,0,2,1,2018,2,10,24,12,2,2,7,0,1,1,0,1,1,1,0,1,0,1,0,0,0,2,10,24,12,7,0,1,1,1,2,2,2,18,66.98383255
2.02E+11,1.00E+00,3,62,565,62,2,8,1,1,0,0,2,0,1,1,2018,6,10,27,38,2,2,0,0,1,1,0,4,1,1,0,1,0,0,0,0,0,6,10,27,38,0,0,1,1,1,2,1,2,18,157.2876567
2.02E+11,1.00E+00,3,62,565,62,2,5,2,2,0,0,4,0,2,1,2018,6,8,19,12,2,3,6,0,2,3,0,1,1,1,0,1,0,0,0,0,0,6,8,19,12,6,0,2,1,1,3,2,2,18,27.35125562
2.02E+11,1.00E+00,3,62,565,62,2,9,2,2,0,0,2,0,0,1,2018,3,7,21,12,2,0,1,8,3,2,0,1,2,5,0,5,0,0,0,0,0,3,7,21,12,1,0,3,2,5,0,0,2,18,168.3928504
2.02E+11,1.00E+00,3,62,565,62,2,4,2,2,0,0,3,0,2,1,2018,5,7,42,12,2,3,6,8,2,2,0,1,2,2,0,2,0,0,0,0,0,5,7,42,12,6,0,2,2,2,3,2,2,18,19.92979799
2.02E+11,1.00E+00,3,62,565,62,2,10,1,1,0,0,1,0,0,1,2018,6,14,43,34,2,0,0,0,1,1,0,4,1,10,0,10,0,0,0,0,0,6,14,43,34,0,0,1,1,10,0,0,2,18,233.2197687
2.02E+11,1.00E+00,3,38,573,38,1,8,2,2,0,0,2,0,1,1,2018,6,8,22,12,2,1,1,8,3,2,0,1,1,1,0,1,0,0,0,0,0,6,8,22,12,1,0,3,1,1,1,1,2,14,159.5485496
2.02E+11,1.00E+00,3,38,573,38,1,6,2,2,0,0,2,0,1,1,2018,6,14,14,12,2,1,6,8,2,2,0,1,1,1,0,1,0,0,0,0,0,6,14,14,12,6,0,2,1,1,1,1,2,14,68.14022452
2.02E+11,1.00E+00,3,62,565,62,2,5,2,2,0,0,3,0,3,1,2018,7,21,10,12,1,3,6,8,2,2,0,1,2,1,0,1,0,0,0,0,0,7,21,10,12,6,0,2,2,1,3,3,1,18,27.35125562
2.02E+11,0.00E+00,3,62,598,62,2,5,1,1,0,0,1,0,1,1,2018,2,4,50,53,2,4,0,0,1,1,0,4,2,10,0,10,0,0,0,0,0,2,4,50,53,0,0,1,2,10,4,1,2,18,36.74340119
2.02E+11,1.00E+00,3,62,598,62,2,5,1,1,0,0,1,0,1,1,2018,6,13,0,32,2,3,0,0,1,1,0,4,1,2,0,2,0,0,0,0,0,6,13,0,32,0,0,1,1,2,3,1,2,18,27.35125561
2.02E+11,0.00E+00,3,54,516,54,1,5,2,2,0,0,2,0,1,1,2018,3,13,38,12,2,3,1,0,1,1,0,1,1,4,0,4,0,0,0,0,0,3,13,38,12,1,0,1,1,4,3,1,2,14,47.6446141
2.02E+11,1.00E+00,3,54,516,54,1,5,1,1,0,0,1,0,1,1,2018,4,10,21,42,1,3,0,0,1,1,0,4,1,1,0,1,0,0,0,0,0,4,10,21,42,0,0,1,1,1,3,1,1,14,47.6446141
2.02E+11,0.00E+00,3,54,516,54,1,5,1,1,0,0,1,0,1,1,2018,4,18,10,34,1,3,0,0,1,1,0,4,2,1,0,1,0,0,0,0,0,4,18,10,34,0,0,1,2,1,3,1,1,14,47.6446141
2.02E+11,1.00E+00,3,62,618,62,2,5,2,2,0,0,3,0,1,1,2018,4,20,21,12,1,3,2,8,3,2,0,1,2,1,0,1,0,0,0,0,0,4,20,21,12,2,0,3,2,1,3,1,1,18,27.35125563
2.02E+11,0.00E+00,3,62,618,62,2,4,2,2,0,0,2,0,1,1,2018,5,10,50,12,2,3,6,8,2,2,0,1,1,1,0,1,0,0,0,0,0,5,10,50,12,6,0,2,1,1,3,1,2,18,13.23532841
2.02E+11,0.00E+00,3,62,618,62,2,7,2,2,0,0,2,0,0,1,2018,5,13,45,12,2,0,6,8,2,3,0,1,1,1,0,1,0,0,0,0,0,5,13,45,12,6,0,2,1,1,0,0,2,18,132.458667
2.02E+11,1.00E+00,3,62,618,62,2,10,2,2,0,0,2,0,0,1,2018,5,17,50,12,2,0,6,0,8,1,0,1,5,1,0,1,0,0,0,0,0,5,17,50,12,6,0,8,5,1,0,0,2,18,233.2197687
2.02E+11,0.00E+00,3,54,516,54,1,7,2,1,1,0,2,1,0,1,2018,5,15,40,14,2,0,0,0,1,1,0,7,1,1,0,1,0,0,0,0,0,5,15,40,14,0,0,1,1,1,0,0,2,14,134.162398
2.02E+11,0.00E+00,3,54,516,54,1,9,2,2,0,0,4,0,0,1,2018,6,15,40,12,2,0,1,0,1,1,0,1,1,1,0,1,0,0,0,0,0,6,15,40,12,1,0,1,1,1,0,0,2,14,170.6048825
2.02E+11,0.00E+00,3,62,618,62,2,9,2,2,0,0,3,0,0,1,2018,4,16,34,12,2,0,1,8,3,98,0,1,1,1,0,1,0,0,0,0,0,4,16,34,12,1,0,3,1,1,0,0,2,18,168.3928505
2.02E+11,0.00E+00,3,38,573,38,1,10,2,2,0,0,2,0,0,1,2018,3,15,29,12,2,0,7,0,1,1,0,1,1,1,0,1,0,0,0,0,0,3,15,29,12,7,0,1,1,1,0,0,2,14,239.7134985
2.02E+11,1.00E+00,3,54,516,54,1,10,2,2,0,0,2,0,0,1,2018,6,16,16,12,2,0,6,8,2,3,0,1,1,1,0,1,0,0,0,0,0,6,16,16,12,6,0,2,1,1,0,0,2,14,238.1588224
2.02E+11,1.00E+00,3,54,516,54,1,5,2,2,0,0,3,0,1,1,2018,7,16,33,12,2,3,1,8,20,1,0,1,1,1,0,1,0,1,0,0,0,7,16,33,12,1,1,20,1,1,3,1,2,14,47.6446141
2.02E+11,1.00E+00,3,62,618,62,2,5,2,2,0,0,3,0,2,1,2018,6,22,10,12,9,3,8,0,1,1,0,1,2,10,0,10,0,0,0,0,0,6,22,10,12,8,0,1,2,10,3,2,2,18,27.35125563
2.02E+11,1.00E+00,3,62,618,62,2,8,1,1,0,0,1,0,1,1,2018,7,12,35,42,2,2,0,0,1,1,0,4,1,10,0,10,0,0,0,0,0,7,12,35,42,0,0,1,1,10,2,1,2,18,157.2876567
2.02E+11,1.00E+00,3,54,516,54,1,7,2,2,0,0,2,0,0,1,2018,2,17,15,12,2,0,1,0,1,1,0,1,1,10,0,10,0,1,0,0,0,2,17,15,12,1,0,1,1,10,0,0,2,14,134.162398
2.02E+11,1.00E+00,3,62,618,62,2,4,2,2,0,0,2,0,1,1,2018,1,13,18,12,1,3,1,0,1,1,0,1,1,1,0,1,0,1,0,0,0,1,13,18,12,1,0,1,1,1,3,1,1,18,13.23532841
2.02E+11,1.00E+00,3,54,516,54,1,5,2,2,0,0,3,0,1,1,2018,3,6,45,12,2,3,1,0,1,1,0,1,2,1,0,1,0,0,0,0,0,3,6,45,12,1,0,1,2,1,3,1,2,14,47.6446141
2.02E+11,1.00E+00,3,54,516,54,1,10,3,3,0,0,10,0,0,1,2018,4,8,10,12,2,0,1,0,1,1,0,1,1,1,0,1,0,1,0,0,0,4,8,10,12,1,0,1,1,1,0,0,2,14,238.1588224
2.02E+11,1.00E+00,3,38,573,38,1,4,1,1,0,0,2,0,1,1,2018,1,22,21,42,2,3,0,0,1,1,0,4,3,1,0,1,0,0,0,0,0,1,22,21,42,0,0,1,3,1,3,1,2,14,13.62707383
2.02E+11,0.00E+00,3,38,573,38,1,9,2,2,0,0,2,0,0,1,2018,3,8,9,12,2,0,1,0,1,1,0,1,1,10,0,10,0,0,0,0,0,3,8,9,12,1,0,1,1,10,0,0,2,14,170.6493625
2.02E+11,0.00E+00,3,38,573,38,1,10,2,1,1,0,1,1,0,1,2018,7,10,12,14,2,0,0,8,8,1,0,7,1,1,0,1,0,0,0,0,0,7,10,12,14,0,0,8,1,1,0,0,2,14,239.7134985
2.02E+11,1.00E+00,3,38,573,38,1,7,2,2,0,0,2,0,0,1,2018,3,8,1,12,2,0,7,8,3,2,0,1,1,10,0,10,0,0,0,0,0,3,8,1,12,7,0,3,1,10,0,0,2,14,134.170142
2.02E+11,1.00E+00,1,81,3119,81,2,10,1,1,0,0,1,0,0,1,2018,7,5,27,11,2,0,0,0,1,1,0,1,2,10,0,10,0,0,0,0,0,7,5,27,11,0,0,1,2,10,0,0,2,4,237.8444687
2.02E+11,1.00E+00,1,81,3119,81,2,9,1,1,0,0,2,0,0,1,2018,7,1,47,38,9,0,0,0,1,1,0,5,3,2,0,2,0,0,0,0,0,7,1,47,38,0,0,1,3,2,0,0,2,4,176.4930549
2.02E+11,1.00E+00,3,62,567,62,2,10,2,2,0,0,2,0,0,1,2018,3,8,11,12,2,0,7,0,1,1,0,1,1,1,0,1,0,0,0,0,0,3,8,11,12,7,0,1,1,1,0,0,2,18,233.2197686
2.02E+11,1.00E+00,3,62,567,62,2,2,1,1,0,1,1,1,1,1,2018,5,12,39,8,2,1,0,0,1,1,0,1,1,1,0,1,0,0,0,0,0,5,12,39,8,0,0,1,1,1,1,1,2,18,28.1491474
2.02E+11,1.00E+00,3,62,542,62,2,10,1,1,0,0,1,0,0,1,2018,5,9,41,11,2,0,0,0,1,1,0,1,1,1,0,1,0,0,0,0,0,5,9,41,11,0,0,1,1,1,0,0,2,18,233.2197688
2.02E+11,1.00E+00,3,54,526,54,1,10,3,3,0,0,2,0,0,1,2018,2,6,0,12,2,0,6,0,1,1,0,1,2,3,0,3,0,0,19,0,0,2,6,0,12,6,0,1,2,3,0,0,2,14,238.1588224
2.02E+11,1.00E+00,3,54,526,54,1,9,2,2,0,0,2,0,0,1,2018,2,7,10,12,2,0,6,0,1,1,0,2,1,3,0,3,0,0,0,0,0,2,7,10,12,6,0,1,1,3,0,0,2,14,170.6048825
2.02E+11,1.00E+00,3,54,526,54,1,5,1,1,0,0,1,0,1,1,2018,2,9,46,42,2,3,0,0,1,1,0,4,1,10,0,10,0,0,0,0,0,2,9,46,42,0,0,1,1,10,3,1,2,14,47.6446141
2.02E+11,1.00E+00,3,54,526,54,1,5,2,2,0,0,2,0,1,1,2018,2,16,0,12,2,3,1,8,3,3,0,1,1,2,0,2,0,0,0,0,0,2,16,0,12,1,0,3,1,2,3,1,2,14,47.6446141
2.02E+11,1.00E+00,3,54,526,54,1,10,1,1,0,0,1,0,0,1,2018,2,16,36,38,2,0,0,0,1,1,0,4,1,2,0,2,0,0,0,0,0,2,16,36,38,0,0,1,1,2,0,0,2,14,238.1588224
2.02E+11,1.00E+00,3,62,565,62,2,5,1,1,0,0,1,0,1,1,2018,5,22,16,35,2,3,0,0,1,1,0,4,2,10,0,10,0,1,0,0,0,5,22,16,35,0,0,1,2,10,3,1,2,18,27.35125562
2.02E+11,1.00E+00,3,62,565,62,2,2,1,1,0,1,1,1,2,1,2018,7,0,41,8,1,4,0,0,1,1,0,1,2,1,0,1,0,0,0,0,0,7,0,41,8,0,0,1,2,1,4,2,1,18,37.81528099
2.02E+11,1.00E+00,3,62,565,62,2,10,2,2,0,0,2,0,0,1,2018,4,20,17,72,2,0,0,0,1,1,0,1,2,1,0,1,0,0,14,0,0,4,20,17,72,0,0,1,2,1,0,0,2,18,233.2197687
2.02E+11,1.00E+00,3,62,598,62,2,5,2,2,0,0,2,0,2,1,2018,6,10,25,12,2,3,2,0,1,1,0,1,1,1,0,1,0,0,0,0,0,6,10,25,12,2,0,1,1,1,3,2,2,18,27.35125561
2.02E+11,1.00E+00,3,54,526,54,1,5,1,1,0,0,3,0,3,1,2018,4,19,39,30,1,3,0,0,1,1,0,4,2,10,0,10,0,1,0,0,0,4,19,39,30,0,0,1,2,10,3,3,1,14,47.6446141
2.02E+11,1.00E+00,3,54,526,54,1,5,2,2,0,0,2,0,1,1,2018,5,7,50,12,2,3,6,8,2,3,0,1,1,2,0,2,0,0,0,0,0,5,7,50,12,6,0,2,1,2,3,1,2,14,47.6446141
2.02E+11,1.00E+00,3,54,526,54,1,10,1,1,0,0,1,0,0,1,2018,5,18,25,34,2,0,0,0,1,1,0,4,2,1,0,1,0,0,0,0,0,5,18,25,34,0,0,1,2,1,0,0,2,14,238.1588224
2.02E+11,1.00E+00,3,62,618,62,2,10,2,2,0,0,2,0,0,1,2018,3,15,21,12,2,0,6,8,3,3,0,1,1,4,0,4,0,0,0,0,0,3,15,21,12,6,0,3,1,4,0,0,2,18,233.2197687
2.02E+11,1.00E+00,3,54,526,54,1,5,1,1,0,0,1,0,1,1,2018,6,10,56,34,2,3,0,0,1,1,0,4,1,1,0,1,0,0,0,0,0,6,10,56,34,0,0,1,1,1,3,1,2,14,47.6446141
2.02E+11,0.00E+00,3,54,526,54,1,8,2,2,0,0,2,0,1,1,2018,7,17,28,12,1,2,6,0,1,1,0,1,2,10,0,10,0,0,0,0,0,7,17,28,12,6,0,1,2,10,2,1,1,14,161.2307429
2.02E+11,1.00E+00,3,62,618,62,2,4,2,2,0,0,2,0,2,1,2018,5,10,20,12,2,3,1,8,3,3,0,1,1,1,0,1,0,0,0,0,0,5,10,20,12,1,0,3,1,1,3,2,2,18,13.23532841
2.02E+11,1.00E+00,3,54,526,54,1,10,2,1,1,0,1,0,0,1,2018,3,20,48,14,2,0,0,0,1,1,0,4,2,10,0,10,0,0,0,0,0,3,20,48,14,0,0,1,2,10,0,0,2,14,238.1588224
2.02E+11,1.00E+00,3,54,526,54,1,9,2,2,0,0,2,0,0,1,2018,5,19,0,12,2,0,1,0,1,1,0,1,2,1,0,1,0,0,0,0,0,5,19,0,12,1,0,1,2,1,0,0,2,14,170.6048825
2.02E+11,1.00E+00,3,54,526,54,1,5,2,1,1,0,1,0,1,1,2018,6,16,45,39,2,3,0,0,1,1,0,4,1,1,0,1,0,0,20,0,0,6,16,45,39,0,0,1,1,1,3,1,2,14,47.6446141
2.02E+11,1.00E+00,4,64,305,64,1,2,1,1,0,1,3,1,1,1,2018,1,20,46,8,2,3,0,8,3,2,0,1,3,10,0,10,0,0,0,0,0,1,20,46,8,0,0,3,3,10,3,1,2,23,35.64519262
2.02E+11,1.00E+00,4,64,305,64,1,6,2,2,0,0,3,0,2,1,2018,2,8,39,12,2,2,6,8,2,3,0,1,1,10,0,10,0,0,0,0,0,2,8,39,12,6,0,2,1,10,2,2,2,23,78.13454015
2.02E+11,0.00E+00,4,64,305,64,1,10,2,2,0,0,4,0,0,1,2018,4,16,0,12,2,0,6,8,3,2,0,1,1,2,0,2,0,0,0,0,0,4,16,0,12,6,0,3,1,2,0,0,2,23,279.0247095
2.02E+11,1.00E+00,4,64,306,64,1,8,2,2,0,0,2,0,1,1,2018,4,16,55,12,2,1,11,8,2,2,0,1,1,10,0,10,0,0,0,0,0,4,16,55,12,11,0,2,1,10,1,1,2,23,193.3845999
2.02E+11,1.00E+00,4,49,261,49,1,2,1,1,0,1,1,1,1,1,2018,3,18,20,9,2,2,0,8,2,2,0,1,3,10,0,10,0,0,16,0,0,3,18,20,9,0,0,2,3,10,2,1,2,21,37.40243427
2.02E+11,1.00E+00,4,49,261,49,1,10,2,2,0,0,2,0,0,1,2018,6,8,20,12,2,0,11,0,1,1,0,1,1,10,0,10,0,0,0,0,0,6,8,20,12,11,0,1,1,10,0,0,2,21,287.4625676
2.02E+11,1.00E+00,4,49,262,49,1,2,1,1,0,1,4,1,1,1,2018,5,20,5,8,2,3,0,8,3,2,0,1,2,2,0,2,0,0,0,0,0,5,20,5,8,0,0,3,2,2,3,1,2,21,37.40243427
2.02E+11,1.00E+00,4,49,262,49,1,9,2,2,0,0,4,0,0,1,2018,1,21,46,12,2,0,1,0,1,1,0,1,2,10,0,10,0,0,0,0,0,1,21,46,12,1,0,1,2,10,0,0,2,21,211.5103965
2.02E+11,1.00E+00,4,49,262,49,1,8,3,3,0,0,3,0,1,1,2018,2,7,16,12,2,1,1,0,1,1,0,1,1,10,2,2,0,0,19,0,0,2,7,16,12,1,0,1,1,2,1,1,2,21,195.2114628
2.02E+11,1.00E+00,2,77,641,77,2,9,2,2,0,0,3,0,0,1,2018,1,12,34,12,2,0,6,8,2,2,0,1,1,10,0,10,0,0,0,0,0,1,12,34,12,6,0,2,1,10,0,0,2,9,167.0600857
2.02E+11,1.00E+00,2,77,641,77,2,2,1,1,0,1,1,1,1,1,2018,7,4,30,9,9,1,0,8,3,2,0,1,3,1,0,1,0,0,0,0,0,7,4,30,9,0,0,3,3,1,1,2,2,9,74.4925966
2.02E+11,1.00E+00,2,77,641,77,2,10,1,1,0,0,2,0,0,1,2018,5,8,45,25,9,0,0,8,5,1,0,4,1,1,0,1,0,0,0,0,0,5,8,45,25,0,0,5,1,1,0,0,2,9,234.8832349
2.02E+11,1.00E+00,2,77,652,77,2,8,1,1,0,0,1,0,1,1,2018,6,18,8,34,2,2,0,0,1,1,0,4,2,1,0,1,0,0,0,0,0,6,18,8,34,0,0,1,2,1,2,1,2,9,160.4076611
2.02E+11,1.00E+00,2,77,652,77,2,10,1,1,0,0,2,0,0,1,2018,7,7,12,11,9,0,0,0,1,1,0,1,8,98,0,98,0,0,0,0,0,7,7,12,11,0,0,1,4,1,0,0,2,9,234.8832349
2.02E+11,1.00E+00,2,77,687,77,2,10,2,1,1,0,1,0,0,1,2018,5,21,30,14,2,0,0,8,8,1,0,7,2,1,0,1,0,0,0,0,0,5,21,30,14,0,0,8,2,1,0,0,2,9,239.5406201
2.02E+11,1.00E+00,4,68,299,68,1,6,2,2,0,0,4,0,2,1,2018,2,13,25,12,9,1,1,0,1,1,0,1,1,1,0,1,0,1,0,0,0,2,13,25,12,1,0,1,1,1,1,2,2,23,74.96762659
2.02E+11,1.00E+00,4,68,295,68,1,6,3,3,0,0,3,0,1,1,2018,3,17,22,12,2,2,1,0,1,1,0,1,2,1,0,1,0,0,0,0,0,3,17,22,12,1,0,1,2,1,2,1,2,23,74.96762658
2.02E+11,1.00E+00,4,56,210,210,1,2,1,1,0,1,1,1,1,1,2018,5,2,14,8,2,1,0,8,3,98,0,1,3,1,0,1,0,0,0,0,0,5,2,14,8,0,0,3,3,1,1,1,2,20,34.19455158
2.02E+11,1.00E+00,4,56,211,211,1,7,2,2,0,0,2,0,0,1,2018,2,18,45,12,2,0,7,0,1,1,0,1,2,1,0,1,0,1,0,0,0,2,18,45,12,7,0,1,2,1,0,0,2,20,149.7873365
2.02E+11,1.00E+00,4,56,189,189,1,3,1,1,0,0,1,0,1,1,2018,6,13,10,1,2,2,0,0,1,1,0,1,1,2,0,2,0,0,0,0,0,6,13,10,1,0,0,1,1,2,2,1,2,20,30.93527989
2.02E+11,1.00E+00,4,68,4055,68,1,9,3,3,0,0,6,0,0,1,2018,5,15,28,12,2,0,1,0,1,1,0,1,1,1,0,1,0,0,0,0,0,5,15,28,12,1,0,1,1,1,0,0,2,23,190.6981016
2.02E+11,1.00E+00,3,54,526,54,1,5,1,1,0,0,1,0,1,1,2018,3,10,20,34,2,3,0,0,1,1,0,4,1,1,0,1,0,0,0,0,0,3,10,20,34,0,0,1,1,1,3,1,2,14,47.6446141
2.02E+11,1.00E+00,3,54,526,54,1,5,2,2,0,0,3,0,2,1,2018,3,19,50,12,2,3,1,0,1,1,0,1,2,1,0,1,0,1,0,0,0,3,19,50,12,1,0,1,2,1,3,2,2,14,47.6446141
2.02E+11,1.00E+00,3,54,526,54,1,10,1,1,0,0,1,0,0,1,2018,5,11,40,34,2,0,0,0,1,1,0,4,1,1,0,1,0,0,0,0,0,5,11,40,34,0,0,1,1,1,0,0,2,14,238.1588224
2.02E+11,1.00E+00,3,54,526,54,1,5,2,2,0,0,2,0,1,1,2018,4,16,19,12,2,3,1,8,3,3,0,1,1,10,0,10,0,0,0,0,0,4,16,19,12,1,0,3,1,10,3,1,2,14,47.6446141
2.02E+11,1.00E+00,3,54,526,54,1,4,2,2,0,0,3,0,1,1,2018,1,17,7,12,2,3,1,0,1,1,0,1,1,1,0,1,0,1,0,0,0,1,17,7,12,1,0,1,1,1,3,1,2,14,47.6446141
2.02E+11,1.00E+00,3,54,526,54,1,7,2,2,0,0,3,0,0,1,2018,1,17,38,12,2,0,7,0,1,1,0,1,1,1,0,1,0,1,0,0,0,1,17,38,12,7,0,1,1,1,0,0,2,14,134.162398
2.02E+11,1.00E+00,4,49,268,49,1,2,1,1,0,1,1,1,1,1,2018,5,18,7,9,2,2,0,8,2,3,0,1,3,2,0,2,0,0,0,0,0,5,18,7,9,0,0,2,3,2,2,1,2,21,37.40243427
2.02E+11,1.00E+00,3,54,514,54,1,9,2,2,0,0,7,0,0,1,2018,2,15,15,12,2,0,1,0,1,1,2,1,1,1,0,1,0,1,0,0,0,2,15,15,12,1,0,1,1,1,0,0,2,14,170.6048825
2.02E+11,1.00E+00,3,54,514,54,1,10,2,2,0,0,3,0,0,1,2018,4,20,3,12,2,0,1,8,3,2,0,1,3,1,0,1,0,0,0,0,0,4,20,3,12,1,0,3,3,1,0,0,2,14,238.1588224
2.02E+11,1.00E+00,3,54,514,54,1,9,2,2,0,0,2,0,0,1,2018,5,13,57,12,2,0,1,0,1,1,1,1,1,1,0,1,0,0,0,0,0,5,13,57,12,1,0,1,1,1,0,0,2,14,170.6048825
2.02E+11,0.00E+00,3,55,1055,55,2,10,1,1,0,0,1,0,0,1,2018,2,5,55,34,2,0,0,0,1,1,0,4,2,2,0,2,0,0,0,0,0,2,5,55,34,0,0,1,2,2,0,0,2,17,240.7697065
2.02E+11,1.00E+00,1,22,1255,22,2,8,2,2,0,0,3,0,1,1,2018,2,15,52,12,2,2,1,0,1,1,0,1,1,1,0,1,0,0,0,0,0,2,15,52,12,1,0,1,1,1,2,1,2,5,169.3039294
2.02E+11,1.00E+00,1,81,3139,81,2,8,2,2,0,0,2,0,1,1,2018,2,13,44,12,2,2,2,0,1,1,0,1,1,1,0,1,0,0,0,0,0,2,13,44,12,2,0,1,1,1,2,1,2,4,176.1219513
2.02E+11,1.00E+00,1,81,3139,81,2,6,2,2,0,0,4,0,1,1,2018,3,18,24,12,2,1,1,0,1,1,0,1,2,1,0,1,0,0,0,0,0,3,18,24,12,1,0,1,2,1,1,1,2,4,66.97983333
2.02E+11,1.00E+00,3,54,514,54,1,8,2,2,0,0,2,0,1,1,2018,3,18,16,12,2,2,1,8,3,98,1,1,2,1,0,1,0,0,0,0,0,3,18,16,12,1,0,3,2,1,2,1,2,14,161.2307429
2.02E+11,1.00E+00,3,38,578,38,1,9,2,2,0,0,3,0,0,1,2018,3,12,40,12,2,0,7,8,2,2,0,1,1,1,0,1,0,0,0,0,0,3,12,40,12,7,0,2,1,1,0,0,2,14,170.6493625
2.02E+11,1.00E+00,3,54,514,54,1,9,2,2,0,0,3,0,0,1,2018,5,21,38,12,2,0,6,8,2,2,2,1,3,1,0,1,0,0,0,0,0,5,21,38,12,6,1,2,3,1,0,0,2,14,170.6048825
2.02E+11,1.00E+00,3,54,525,54,1,10,2,2,0,0,4,0,0,1,2018,4,13,16,12,2,0,6,8,2,3,1,1,1,1,0,1,0,0,0,0,0,4,13,16,12,6,0,2,1,1,0,0,2,14,238.1588224
2.02E+11,1.00E+00,3,54,525,54,1,10,1,1,0,0,1,0,0,1,2018,4,15,29,24,2,0,0,8,3,98,1,4,1,1,0,1,0,1,0,0,0,4,15,29,24,0,0,3,1,1,0,0,2,14,238.1588224
2.02E+11,1.00E+00,3,54,525,54,1,10,2,2,0,0,2,0,0,1,2018,5,14,57,12,2,0,6,8,2,98,1,1,1,10,0,10,0,0,0,0,0,5,14,57,12,6,0,2,1,10,0,0,2,14,238.1588224
2.02E+11,1.00E+00,1,81,3133,81,2,10,1,1,0,0,2,0,0,1,2018,4,0,15,48,2,0,0,8,3,3,0,4,2,1,0,1,0,0,0,0,0,4,0,15,48,0,0,3,2,1,0,0,2,4,237.8444686
2.02E+11,1.00E+00,1,81,3133,81,2,6,2,2,0,0,5,0,1,1,2018,4,12,13,12,2,1,6,8,3,98,0,1,1,1,0,1,0,0,0,0,0,4,12,13,12,6,0,3,1,1,1,1,2,4,66.97983332
2.02E+11,1.00E+00,3,38,578,38,1,10,2,1,1,0,1,1,0,1,2018,3,8,15,14,2,0,0,8,8,1,0,7,1,10,0,10,0,0,0,0,0,3,8,15,14,0,0,8,1,10,0,0,2,14,239.7134985
2.02E+11,1.00E+00,3,54,516,54,1,9,2,2,0,0,2,0,0,1,2018,6,6,2,12,1,0,1,0,1,1,0,1,2,1,0,1,0,0,0,0,0,6,6,2,12,1,0,1,2,1,0,0,1,14,170.6048825
2.02E+11,1.00E+00,3,54,516,54,1,8,2,2,0,0,2,0,1,1,2018,6,7,50,12,2,2,2,0,8,1,0,1,1,1,0,1,0,0,0,0,0,6,7,50,12,2,0,8,1,1,2,1,2,14,161.2307429
2.02E+11,1.00E+00,3,54,516,54,1,10,1,1,0,0,2,0,0,1,2018,7,18,12,24,2,0,0,0,1,1,0,4,2,10,0,10,0,0,0,0,0,7,18,12,24,0,0,1,2,10,0,0,2,14,238.1588224
2.02E+11,1.00E+00,3,54,516,54,1,5,2,2,0,0,5,0,3,1,2018,1,13,46,12,2,3,2,0,1,1,0,1,1,2,0,2,0,0,0,0,0,1,13,46,12,2,0,1,1,2,3,3,2,14,47.6446141
2.02E+11,1.00E+00,3,38,578,38,1,6,2,2,0,0,2,0,1,1,2018,4,20,32,12,2,1,1,8,20,1,0,1,2,10,0,10,0,0,0,0,0,4,20,32,12,1,1,20,2,10,1,1,2,14,68.14022452