CASENUM,SURVIVED,REGION,PSU,PJ,PSU_VAR,URBANICITY,STRATUM,VE_TOTAL,VE_FORMS,PVH_INVL,PEDS,PERMVIT,PERNOTMVIT,NUM_INJ,MONTH,YEAR,DAY_WEEK,HOUR,MINUTE,HARM_EV,ALCOHOL,MAX_SEV,MAN_COLL,RELJCT1,RELJCT2,TYP_INT,WRK_ZONE,REL_ROAD,LGT_COND,WEATHER1,WEATHER2,WEATHER,SCH_BUS,INT_HWY,CF1,CF2,CF3,WKDY_IM,HOUR_IM,MINUTE_IM,EVENT1_IM,MANCOL_IM,RELJCT1_IM,RELJCT2_IM,LGTCON_IM,WEATHR_IM,MAXSEV_IM,NO_INJ_IM,ALCHL_IM,PSUSTRAT,WEIGHT
2.02E+11,1.00E+00,4,46,362,46,1,10,1,1,0,0,1,0,0,1,2018,1,3,43,33,1,0,0,0,1,1,0,4,3,98,0,98,0,0,0,0,0,1,3,43,33,0,0,1,3,1,0,0,1,22,256.8505911
2.02E+11,1.00E+00,1,22,1265,22,2,9,1,1,0,0,1,0,0,1,2018,3,20,1,48,2,0,0,0,1,1,0,4,2,1,0,1,0,0,0,0,0,3,20,1,48,0,0,1,2,1,0,0,2,5,172.1456575
2.02E+11,1.00E+00,3,38,578,38,1,9,1,1,0,0,1,0,0,1,2018,7,6,42,34,2,0,0,0,1,1,0,4,3,1,0,1,0,0,0,0,0,7,6,42,34,0,0,1,3,1,0,0,2,14,170.6493625
2.02E+11,1.00E+00,1,22,1259,22,2,6,3,3,0,0,9,0,7,1,2018,5,13,57,12,2,1,1,8,3,2,0,1,1,10,0,10,0,0,0,0,0,5,13,57,12,1,0,3,1,10,1,7,2,5,66.70389727
2.02E+11,1.00E+00,3,38,578,38,1,8,2,2,0,0,2,0,1,1,2018,4,5,41,12,2,1,7,8,3,2,0,1,2,4,0,4,0,0,0,0,0,4,5,41,12,7,0,3,2,4,1,1,2,14,159.5485496
2.02E+11,1.00E+00,4,46,369,46,1,9,2,2,0,0,2,0,0,1,2018,2,8,41,12,2,0,1,8,2,2,0,1,1,4,0,4,0,0,0,0,0,2,8,41,12,1,0,2,1,4,0,0,2,22,182.8007464
2.02E+11,1.00E+00,4,46,369,46,1,10,2,2,0,0,2,0,0,1,2018,4,8,56,12,2,0,1,8,3,98,0,1,1,98,0,98,0,0,0,0,0,4,8,56,12,1,0,3,1,1,0,0,2,22,256.8505911
2.02E+11,1.00E+00,3,55,1070,55,2,7,1,1,0,0,1,0,0,1,2018,4,21,50,11,2,0,0,0,1,1,0,1,2,1,0,1,0,0,0,0,0,4,21,50,11,0,0,1,2,1,0,0,2,17,130.5725127
2.02E+11,1.00E+00,3,51,1079,51,1,6,2,2,0,0,2,0,1,1,2018,1,1,15,12,2,1,1,0,1,1,0,1,3,5,0,5,0,0,28,0,0,1,1,15,12,1,0,1,3,5,1,1,2,10,67.85786884
2.02E+11,1.00E+00,2,67,1919,67,1,10,2,2,0,0,2,0,0,1,2018,2,13,11,12,9,0,1,8,3,3,0,1,1,1,0,1,0,0,0,0,0,2,13,11,12,1,0,3,1,1,0,0,2,8,233.9772104
2.02E+11,1.00E+00,2,67,1919,67,1,2,2,1,1,1,1,1,1,1,2018,2,15,0,8,2,3,0,0,1,1,0,4,1,1,0,1,0,0,0,0,0,2,15,0,8,0,0,1,1,1,3,1,2,8,29.35543227
2.02E+11,1.00E+00,3,54,526,54,1,8,1,1,0,0,1,0,1,1,2018,7,19,43,34,2,2,0,0,1,1,0,4,2,2,0,2,0,0,0,0,0,7,19,43,34,0,0,1,2,2,2,1,2,14,161.2307429
2.02E+11,1.00E+00,3,54,526,54,1,6,1,1,0,0,1,0,1,1,2018,7,21,50,35,2,2,0,0,1,1,0,4,2,10,0,10,0,0,0,0,0,7,21,50,35,0,0,1,2,10,2,1,2,14,68.54769642
2.02E+11,1.00E+00,3,54,526,54,1,10,2,2,0,0,2,0,0,1,2018,1,16,20,12,2,0,2,0,1,1,0,1,1,10,0,10,0,0,0,0,0,1,16,20,12,2,0,1,1,10,0,0,2,14,238.1588224
2.02E+11,1.00E+00,3,54,526,54,1,5,1,1,0,0,1,0,1,1,2018,1,17,0,42,2,3,0,0,1,1,0,4,1,10,0,10,0,0,0,0,0,1,17,0,42,0,0,1,1,10,3,1,2,14,47.6446141
2.02E+11,0.00E+00,3,54,526,54,1,5,1,1,0,0,1,0,1,1,2018,2,8,8,53,2,3,0,0,1,1,0,4,1,1,0,1,0,0,0,0,0,2,8,8,53,0,0,1,1,1,3,1,2,14,47.6446141
2.02E+11,1.00E+00,3,54,526,54,1,5,2,2,0,0,4,0,1,1,2018,2,17,33,12,2,3,2,8,2,3,0,1,1,1,0,1,0,0,0,0,0,2,17,33,12,2,0,2,1,1,3,1,2,14,47.6446141
2.02E+11,1.00E+00,3,54,516,54,1,5,3,3,0,0,4,0,2,1,2018,4,21,24,12,2,3,1,8,20,1,1,1,2,1,0,1,0,1,0,0,0,4,21,24,12,1,1,20,2,1,3,2,2,14,47.6446141
2.02E+11,1.00E+00,4,10,329,10,1,5,1,1,0,0,1,0,1,1,2018,4,20,36,30,9,1,0,8,3,2,0,4,3,2,0,2,0,0,0,0,0,4,20,36,30,0,0,3,3,2,1,1,2,21,33.25474919
2.02E+11,1.00E+00,3,38,573,38,1,6,2,2,0,0,2,0,1,1,2018,7,11,10,12,2,1,6,8,2,3,0,1,1,1,0,1,0,0,0,0,0,7,11,10,12,6,0,2,1,1,1,1,2,14,68.14022452
2.02E+11,1.00E+00,4,10,329,10,1,10,1,1,0,0,1,0,0,1,2018,2,10,0,33,2,0,0,8,5,1,0,4,1,2,0,2,0,0,0,0,0,2,10,0,33,0,0,5,1,2,0,0,2,21,293.7303088
2.02E+11,1.00E+00,3,38,578,38,1,10,3,3,0,0,4,0,0,1,2018,4,14,35,12,2,0,1,8,20,1,0,1,1,4,0,4,0,0,0,0,0,4,14,35,12,1,1,20,1,4,0,0,2,14,239.7134985
2.02E+11,1.00E+00,4,10,329,10,1,2,1,1,0,1,1,1,1,1,2018,5,6,20,8,9,2,0,8,3,98,0,1,3,1,0,1,0,0,0,0,0,5,6,20,8,0,0,3,3,1,2,1,2,21,37.18117358
2.02E+11,1.00E+00,4,10,329,10,1,3,1,1,0,0,1,0,1,1,2018,4,20,6,33,2,2,0,1,19,1,0,3,3,10,0,10,0,0,0,0,0,4,20,6,33,0,1,19,3,10,2,1,2,21,34.77208669
2.02E+11,1.00E+00,4,10,329,10,1,6,2,2,0,0,3,0,2,1,2018,6,20,30,12,2,1,6,8,2,2,0,1,3,1,0,1,0,0,0,0,0,6,20,30,12,6,0,2,3,1,1,2,2,21,85.67492451
2.02E+11,1.00E+00,3,52,590,52,2,10,1,1,0,0,2,0,0,1,2018,1,9,37,25,2,0,0,0,1,1,0,3,1,2,0,2,0,0,0,0,0,1,9,37,25,0,0,1,1,2,2,1,2,18,229.5893752
2.02E+11,1.00E+00,2,67,1919,67,1,6,2,2,0,0,2,0,2,1,2018,3,12,0,12,2,1,6,8,8,1,0,1,1,1,0,1,0,0,0,0,0,3,12,0,12,6,0,8,1,1,1,2,2,8,65.90088959
2.02E+11,1.00E+00,3,38,578,38,1,7,2,2,0,0,2,0,0,1,2018,6,17,13,12,2,0,1,0,1,1,0,1,1,1,0,1,0,0,0,0,0,6,17,13,12,1,0,1,1,1,0,0,2,14,134.170142
2.02E+11,1.00E+00,4,60,234,60,1,6,2,2,0,0,2,0,1,1,2018,3,16,54,12,2,1,1,0,1,1,0,1,1,1,0,1,0,0,0,0,0,3,16,54,12,1,0,1,1,1,1,1,2,21,82.62303098
2.02E+11,1.00E+00,4,60,234,60,1,9,1,1,0,0,2,0,0,1,2018,5,20,1,33,2,0,0,0,1,1,0,4,3,1,0,1,0,0,0,0,0,5,20,1,33,0,0,1,3,1,0,0,2,21,204.580798
2.02E+11,1.00E+00,3,38,578,38,1,9,2,2,0,0,2,0,0,1,2018,6,9,29,12,2,0,6,8,2,2,0,1,1,1,0,1,0,0,0,0,0,6,9,29,12,6,0,2,1,1,0,0,2,14,170.6493625
2.02E+11,1.00E+00,4,64,305,64,1,9,2,2,0,0,2,0,0,1,2018,5,5,35,12,2,0,1,0,1,1,0,1,2,1,0,1,0,0,0,0,0,5,5,35,12,1,0,1,2,1,0,0,2,23,198.2720412
2.02E+11,1.00E+00,4,64,305,64,1,8,1,1,0,0,1,0,1,1,2018,1,3,5,1,1,1,0,0,1,1,0,5,2,1,0,1,0,1,0,0,0,1,3,5,1,0,0,1,2,1,1,1,1,23,193.3845999
2.02E+11,1.00E+00,4,49,261,49,1,6,1,1,0,0,3,0,2,1,2018,1,23,10,52,2,1,0,8,5,1,0,4,3,2,0,2,0,0,0,0,0,1,23,10,52,0,1,5,3,2,1,2,2,21,83.84834563
2.02E+11,1.00E+00,2,14,2735,14,2,5,1,1,0,0,1,0,1,1,2018,7,17,25,93,9,4,0,8,3,2,0,4,2,10,0,10,0,0,0,0,0,7,17,25,93,0,0,3,2,10,4,1,1,9,51.15461362
2.02E+11,1.00E+00,4,10,318,10,1,9,2,2,0,0,2,0,0,1,2018,5,6,40,12,2,0,6,8,20,1,0,1,4,10,0,10,0,0,0,0,0,5,6,40,12,6,0,20,4,10,0,0,2,21,212.2904202
2.02E+11,1.00E+00,4,56,210,210,1,9,1,1,0,0,1,0,0,1,2018,3,13,0,24,2,0,0,0,1,1,0,4,1,1,0,1,0,1,0,0,0,3,13,0,24,0,0,1,1,1,0,0,2,20,187.1933078
2.02E+11,1.00E+00,4,56,214,214,1,7,2,2,0,0,2,0,0,1,2018,5,19,6,12,2,0,7,0,1,1,0,1,3,1,0,1,0,1,0,0,0,5,19,6,12,7,0,1,3,1,0,0,2,20,149.7873365
2.02E+11,1.00E+00,4,56,214,214,1,9,2,2,0,0,4,0,0,1,2018,1,14,30,12,2,0,1,0,1,1,0,1,1,1,0,1,0,0,0,0,0,1,14,30,12,1,0,1,1,1,0,0,2,20,187.1933079
2.02E+11,0.00E+00,4,68,4055,68,1,2,2,2,0,3,3,3,5,1,2018,4,8,15,12,9,2,6,8,2,2,0,1,1,1,0,1,0,0,0,0,0,4,8,15,12,6,0,2,1,1,2,5,2,23,34.19537213
2.02E+11,1.00E+00,4,68,4055,68,1,3,2,2,0,0,2,0,1,1,2018,5,18,10,12,2,3,1,0,1,1,0,1,2,1,0,1,0,1,0,0,0,5,18,10,12,1,0,1,2,1,3,1,2,23,30.42650221
2.02E+11,1.00E+00,3,38,573,38,1,2,1,1,0,1,1,1,1,1,2018,4,0,25,8,2,2,0,8,3,2,0,1,3,1,0,1,0,0,0,0,0,4,0,25,8,0,0,3,3,1,2,1,2,14,29.46514109
2.02E+11,1.00E+00,2,67,1919,67,1,10,2,2,0,0,2,0,0,1,2018,3,15,50,12,2,0,1,8,2,3,0,1,1,1,0,1,0,0,0,0,0,3,15,50,12,1,0,2,1,1,0,0,2,8,233.9772104
2.02E+11,1.00E+00,4,44,334,44,2,5,2,2,0,0,5,0,5,1,2018,2,22,45,12,2,4,2,0,1,1,0,1,2,98,0,98,0,0,0,0,0,2,22,45,12,2,0,1,2,1,4,5,2,25,41.27880443
2.02E+11,1.00E+00,3,54,517,54,1,9,2,2,0,0,6,0,0,1,2018,4,19,27,12,2,0,7,8,3,3,0,1,3,1,0,1,0,0,0,0,0,4,19,27,12,7,0,3,3,1,0,0,2,14,170.6048825
2.02E+11,1.00E+00,4,44,334,44,2,5,1,1,0,0,1,0,1,1,2018,4,18,30,35,1,4,0,0,1,1,0,4,2,98,0,98,0,0,0,0,0,4,18,30,35,0,0,1,2,4,4,1,1,25,41.27880443
2.02E+11,1.00E+00,3,38,573,38,1,9,2,2,0,0,2,0,0,1,2018,1,19,16,12,2,0,7,8,2,2,0,1,3,1,0,1,0,0,0,0,0,1,19,16,12,7,0,2,3,1,0,0,2,14,170.6493625
2.02E+11,1.00E+00,1,22,1259,22,2,10,1,1,0,0,1,0,0,1,2018,7,18,35,48,2,0,0,0,1,1,0,4,2,11,0,11,0,0,0,0,0,7,18,35,48,0,0,1,2,11,0,0,2,5,246.4611714
2.02E+11,1.00E+00,3,38,573,38,1,8,1,1,0,0,4,0,2,1,2018,3,20,7,33,2,2,0,0,1,1,0,3,2,1,0,1,0,0,0,0,0,3,20,7,33,0,0,1,2,1,2,2,2,14,159.5485496
2.02E+11,1.00E+00,1,22,1259,22,2,9,1,1,0,0,2,0,0,1,2018,4,13,55,11,2,0,0,0,1,1,0,1,1,1,0,1,0,0,0,0,0,4,13,55,11,0,0,1,1,1,0,0,2,5,172.1456576
2.02E+11,1.00E+00,3,38,573,38,1,10,2,2,0,0,3,0,0,1,2018,2,13,40,12,2,0,1,8,3,2,0,1,1,2,0,2,0,0,0,0,0,2,13,40,12,1,0,3,1,2,0,0,2,14,239.7134985
2.02E+11,1.00E+00,2,47,1835,47,2,10,1,1,0,0,2,0,0,1,2018,5,8,5,11,2,0,0,0,1,1,0,1,1,10,0,10,0,0,0,0,0,5,8,5,11,0,0,1,1,10,0,0,2,9,235.0313829
2.02E+11,0.00E+00,1,22,1260,22,2,10,1,1,0,0,1,0,0,1,2018,1,18,34,18,2,0,0,0,1,1,0,1,2,1,0,1,0,0,0,0,0,1,18,34,18,0,0,1,2,1,0,0,2,5,246.4611713
2.02E+11,1.00E+00,2,47,1835,47,2,10,1,1,0,0,1,0,0,1,2018,2,5,15,30,2,0,0,0,1,1,0,4,2,4,0,4,0,0,0,0,0,2,5,15,30,0,0,1,2,4,0,0,2,9,235.0313829
2.02E+11,1.00E+00,2,47,1835,47,2,7,2,2,0,0,2,0,1,1,2018,2,7,50,12,2,2,2,1,5,1,0,1,4,4,0,4,0,0,0,0,0,2,7,50,12,2,1,5,4,4,2,1,2,9,133.2060962
2.02E+11,1.00E+00,2,47,1835,47,2,10,1,1,0,0,2,0,0,1,2018,7,19,15,11,2,0,0,0,1,1,0,1,2,1,0,1,0,0,0,0,0,7,19,15,11,0,0,1,2,1,0,0,2,9,235.0313829
2.02E+11,1.00E+00,2,47,1835,47,2,5,1,1,0,0,2,0,2,1,2018,4,0,42,1,2,3,0,0,1,1,0,4,2,10,0,10,0,0,0,0,0,4,0,42,1,0,0,1,2,10,3,2,2,9,47.40447582
2.02E+11,1.00E+00,1,81,3122,81,2,9,2,2,0,0,2,0,0,1,2018,3,17,54,12,2,0,98,8,3,2,0,1,3,1,0,1,0,0,0,0,0,3,17,54,12,1,0,3,3,1,0,0,2,4,176.4930549
2.02E+11,1.00E+00,2,47,1835,47,2,7,2,2,0,0,2,0,0,1,2018,4,15,45,12,2,0,7,0,2,2,0,1,1,1,0,1,0,0,0,0,0,4,15,45,12,7,0,2,1,1,0,0,2,9,133.2060962
2.02E+11,0.00E+00,2,47,1838,47,2,6,2,2,0,0,3,0,2,1,2018,3,17,37,12,2,1,2,0,2,3,0,1,2,1,0,1,0,0,0,0,0,3,17,37,12,2,0,2,2,1,1,2,2,9,66.39871232
2.02E+11,1.00E+00,2,67,1919,67,1,8,2,2,0,0,4,0,1,1,2018,4,7,48,12,2,1,1,0,1,1,0,1,1,1,0,1,0,0,0,0,0,4,7,48,12,1,0,1,1,1,1,1,2,8,157.3009051
2.02E+11,1.00E+00,1,22,1260,22,2,9,2,2,0,0,2,0,0,1,2018,2,11,5,12,2,0,6,0,8,1,0,1,1,4,0,4,0,0,0,0,0,2,11,5,12,6,0,8,1,4,0,0,2,5,172.1456575
2.02E+11,1.00E+00,2,47,1838,47,2,10,1,1,0,0,1,0,0,1,2018,5,14,5,34,2,0,0,0,1,1,0,4,1,10,0,10,0,0,0,0,0,5,14,5,34,0,0,1,1,10,0,0,2,9,235.0313831
2.02E+11,1.00E+00,3,38,569,38,1,6,3,3,0,0,3,0,1,1,2018,4,16,58,12,2,1,1,8,3,3,0,1,1,1,0,1,0,0,0,0,0,4,16,58,12,1,0,3,1,1,1,1,2,14,68.14022454
2.02E+11,1.00E+00,4,44,334,44,2,5,2,2,0,0,3,0,2,1,2018,2,8,30,24,2,4,0,0,1,1,0,4,1,4,0,4,0,1,0,0,0,2,8,30,24,0,0,1,1,4,4,2,2,25,41.27880443
2.02E+11,1.00E+00,2,47,1838,47,2,10,1,1,0,0,1,0,0,1,2018,7,14,56,38,2,0,0,0,1,1,0,5,1,1,0,1,0,0,0,0,0,7,14,56,38,0,0,1,1,1,0,0,2,9,235.0313831
2.02E+11,0.00E+00,4,44,334,44,2,10,1,1,0,0,1,0,0,1,2018,2,16,45,59,2,0,0,0,1,1,0,4,5,3,4,4,0,0,0,0,0,2,16,45,59,0,0,1,5,4,0,0,2,25,308.5980117
2.02E+11,1.00E+00,4,44,334,44,2,5,2,2,0,0,4,0,2,1,2018,2,7,45,12,2,3,6,0,1,1,0,1,1,3,4,4,0,0,0,0,0,2,7,45,12,6,0,1,1,4,3,2,2,25,35.13931987
2.02E+11,1.00E+00,2,47,1838,47,2,8,2,2,0,0,2,0,1,1,2018,2,8,11,12,2,2,1,0,1,1,0,1,1,4,0,4,0,0,0,0,0,2,8,11,12,1,0,1,1,4,2,1,2,9,159.8066711
2.02E+11,1.00E+00,4,44,375,44,2,4,2,2,0,0,2,0,2,1,2018,7,13,15,12,2,3,8,0,1,1,0,1,1,98,0,98,0,1,0,0,0,7,13,15,12,8,0,1,1,1,3,2,2,25,18.1106267
2.02E+11,1.00E+00,1,81,3133,81,2,7,2,2,0,0,1,0,0,2,2018,6,9,9,12,2,0,2,0,1,1,0,1,1,1,0,1,0,0,0,0,0,6,9,9,12,2,0,1,1,1,0,0,2,4,140.0420517
2.02E+11,1.00E+00,3,38,573,38,1,6,2,2,0,0,2,0,1,1,2018,7,11,25,12,2,1,1,8,3,2,0,1,1,1,0,1,0,0,0,0,0,7,11,25,12,1,0,3,1,1,1,1,2,14,68.14022452
2.02E+11,1.00E+00,4,44,375,44,2,10,1,1,0,0,1,0,0,1,2018,2,6,0,11,2,0,0,0,1,1,0,1,4,98,0,98,0,0,0,0,0,2,6,0,11,0,0,1,4,1,0,0,2,25,314.3127897
2.02E+11,1.00E+00,4,46,353,46,1,4,1,1,0,0,4,0,4,1,2018,2,6,15,35,2,3,0,0,1,1,0,4,6,98,0,98,0,0,0,0,0,2,6,15,35,0,0,1,6,1,3,4,2,22,19.12105871
2.02E+11,1.00E+00,4,46,353,46,1,8,3,3,0,0,3,0,1,1,2018,4,16,25,12,9,1,1,8,3,98,0,1,1,98,0,98,0,0,0,0,0,4,16,25,12,1,0,3,1,1,1,2,2,22,227.6132496
2.02E+11,0.00E+00,4,46,353,46,1,9,2,2,0,0,2,0,0,1,2018,6,19,32,12,2,0,1,8,3,98,0,1,6,98,0,98,0,0,0,0,0,6,19,32,12,1,0,3,6,2,0,0,2,22,242.6264454
2.02E+11,1.00E+00,4,46,353,46,1,10,1,1,0,0,2,0,0,1,2018,4,15,30,38,2,0,0,0,1,1,0,4,1,98,0,98,0,0,0,0,0,4,15,30,38,0,0,1,1,2,0,0,2,22,340.9107847
2.02E+11,1.00E+00,4,46,353,46,1,5,2,2,0,0,2,0,2,1,2018,2,6,15,12,2,3,6,0,1,1,0,1,6,4,0,4,0,0,0,0,0,2,6,15,12,6,0,1,6,4,3,2,2,22,39.59772401
2.02E+11,1.00E+00,4,49,261,49,1,9,2,2,0,0,1,0,0,1,2018,5,18,18,12,2,0,6,8,2,2,0,1,2,2,0,2,0,0,19,0,0,5,18,18,12,6,0,2,2,2,0,0,2,21,211.5103965
2.02E+11,1.00E+00,4,49,262,49,1,10,2,2,0,0,6,0,0,1,2018,7,18,47,12,2,0,7,0,1,1,0,1,3,1,0,1,0,0,0,0,0,7,18,47,12,7,0,1,3,1,0,0,2,21,287.4625676
2.02E+11,1.00E+00,4,56,208,208,1,6,2,2,0,0,2,0,1,2,2018,5,9,45,12,2,1,1,0,1,1,0,1,1,1,0,1,0,0,0,0,0,5,9,45,12,1,0,1,1,1,1,1,2,20,76.42125785
2.02E+11,1.00E+00,4,56,211,211,1,3,1,1,0,0,1,0,1,1,2018,4,22,8,73,2,1,0,0,1,1,0,1,3,1,0,1,0,1,0,0,0,4,22,8,73,0,0,1,3,1,1,1,2,20,30.93527989
2.02E+11,1.00E+00,4,56,189,189,1,4,4,2,2,0,3,0,2,1,2018,6,20,42,12,1,3,6,8,8,1,0,1,2,1,0,1,0,0,14,0,0,6,20,42,12,6,0,8,2,1,3,2,1,20,15.05717047
2.02E+11,1.00E+00,4,56,189,189,1,9,1,1,0,0,1,0,99,1,2018,2,3,40,59,9,9,0,8,3,3,0,4,3,1,0,1,0,0,0,0,0,2,3,40,59,0,0,3,3,1,0,0,2,20,187.1933079
2.02E+11,1.00E+00,3,51,1117,51,1,6,3,3,0,0,7,0,2,1,2018,3,18,5,12,9,1,1,0,1,1,0,1,2,1,0,1,0,0,0,0,0,3,18,5,12,1,0,1,2,1,1,2,2,10,67.85786883
2.02E+11,0.00E+00,4,56,214,214,1,9,2,2,0,0,4,0,0,2,2018,6,12,35,12,2,0,1,0,1,1,0,1,1,1,0,1,0,1,0,0,0,6,12,35,12,1,0,1,1,1,0,0,2,20,187.1933079
2.02E+11,1.00E+00,3,48,85,48,1,10,2,2,0,0,3,0,0,2,2018,5,16,49,12,2,0,6,0,8,1,0,1,5,2,0,2,0,0,0,0,0,5,16,49,12,6,0,8,5,2,0,0,2,12,238.9782539
2.02E+11,1.00E+00,3,48,91,48,1,9,2,2,0,0,2,0,0,2,2018,6,15,45,12,2,0,7,0,3,2,0,1,1,1,0,1,0,0,0,0,0,6,15,45,12,7,0,3,1,1,0,0,2,12,170.6546305
2.02E+11,1.00E+00,3,48,91,48,1,4,2,2,0,0,3,0,1,1,2018,2,14,0,12,2,3,1,0,3,3,0,1,1,1,0,1,0,0,0,0,0,2,14,0,12,1,0,3,1,1,3,1,2,12,15.00905552
2.02E+11,1.00E+00,3,48,91,48,1,10,1,1,0,0,1,0,0,1,2018,3,6,20,32,2,0,0,0,1,1,0,4,4,1,0,1,0,0,0,0,0,3,6,20,32,0,0,1,4,1,0,0,2,12,238.9782539
2.02E+11,1.00E+00,3,48,91,48,1,8,2,2,0,0,6,0,1,1,2018,4,7,45,12,1,1,1,0,3,3,0,1,1,1,0,1,0,0,0,0,0,4,7,45,12,1,0,3,1,1,1,1,1,12,159.3496284
2.02E+11,1.00E+00,3,48,87,48,1,5,3,3,0,0,3,0,3,2,2018,5,6,19,12,2,3,1,0,1,1,0,1,1,10,0,10,0,1,0,0,0,5,6,19,12,1,0,1,1,10,3,3,2,12,27.53492416
2.02E+11,1.00E+00,3,48,87,48,1,9,2,2,0,0,3,0,0,2,2018,5,10,31,12,2,0,1,1,20,1,0,1,1,10,0,10,0,0,0,0,0,5,10,31,12,1,1,20,1,10,0,0,2,12,170.6546305
2.02E+11,0.00E+00,3,48,87,48,1,4,1,1,0,0,1,0,1,2,2018,6,0,32,11,2,3,0,0,1,1,0,1,3,1,0,1,0,0,0,0,0,6,0,32,11,0,0,1,3,1,3,1,2,12,15.00905552
2.02E+11,1.00E+00,3,48,87,48,1,8,2,2,0,0,7,0,1,2,2018,6,9,14,12,2,1,1,0,3,2,0,1,1,1,0,1,0,0,0,0,0,6,9,14,12,1,0,3,1,1,1,1,2,12,159.3496284
2.02E+11,1.00E+00,3,48,87,48,1,10,2,2,0,0,3,0,0,2,2018,6,11,56,12,2,0,1,0,3,2,0,1,1,1,0,1,0,0,0,0,0,6,11,56,12,1,0,3,1,1,0,0,2,12,238.9782539
2.02E+11,1.00E+00,3,48,87,48,1,9,2,2,0,0,3,0,0,2,2018,7,8,18,12,2,0,7,0,2,2,0,1,1,10,0,10,0,0,0,0,0,7,8,18,12,7,0,2,1,10,0,0,2,12,170.6546305
2.02E+11,1.00E+00,3,48,87,48,1,10,2,2,0,0,2,0,0,1,2018,2,13,0,12,2,0,1,0,3,2,0,1,1,1,0,1,0,0,0,0,0,2,13,0,12,1,0,3,1,1,0,0,2,12,238.9782539
2.02E+11,1.00E+00,3,48,87,48,1,7,2,2,0,0,2,0,0,1,2018,2,16,35,12,2,0,6,0,2,2,0,1,1,1,0,1,0,0,0,0,0,2,16,35,12,6,0,2,1,1,0,0,2,12,132.1850086
2.02E+11,1.00E+00,3,48,87,48,1,9,2,2,0,0,2,0,0,1,2018,2,14,30,12,2,0,6,0,8,1,0,1,1,1,0,1,0,0,0,0,0,2,14,30,12,6,0,8,1,1,0,0,2,12,170.6546305
2.02E+11,1.00E+00,3,48,87,48,1,8,2,2,0,0,2,0,1,1,2018,2,12,56,12,2,1,6,0,2,3,0,1,1,1,0,1,0,0,0,0,0,2,12,56,12,6,0,2,1,1,1,1,2,12,159.3496284
2.02E+11,1.00E+00,3,48,87,48,1,6,4,4,0,0,4,0,1,1,2018,2,15,39,12,2,2,7,0,1,1,0,1,1,1,0,1,0,0,0,0,0,2,15,39,12,7,0,1,1,1,2,1,2,12,68.38656772
2.02E+11,1.00E+00,3,48,87,48,1,6,2,2,0,0,3,0,1,1,2018,3,13,33,12,2,1,1,0,3,2,0,1,1,1,0,1,0,0,0,0,0,3,13,33,12,1,0,3,1,1,1,1,2,12,68.38656772
2.02E+11,1.00E+00,3,48,87,48,1,10,2,2,0,0,5,0,0,1,2018,4,7,36,12,2,0,1,0,1,1,0,1,1,1,0,1,0,0,0,0,0,4,7,36,12,1,0,1,1,1,0,0,2,12,238.9782539
2.02E+11,0.00E+00,3,48,87,48,1,9,3,3,0,0,3,0,0,1,2018,4,16,58,30,2,0,0,0,3,3,0,4,1,1,0,1,0,0,14,0,0,4,16,58,30,0,0,3,1,1,0,0,2,12,170.6546305
2.02E+11,1.00E+00,3,48,90,48,1,10,2,2,0,0,2,0,0,2,2018,6,15,38,12,2,0,1,0,3,3,0,1,1,1,0,1,0,0,0,0,0,6,15,38,12,1,0,3,1,1,0,0,2,12,238.9782539
2.02E+11,1.00E+00,3,48,90,48,1,9,2,2,0,0,2,0,0,2,2018,7,17,46,12,2,0,1,0,3,2,0,1,3,1,0,1,0,0,0,0,0,7,17,46,12,1,0,3,3,1,0,0,2,12,170.6546305
2.02E+11,1.00E+00,3,48,90,48,1,6,2,2,0,0,2,0,2,1,2018,2,18,0,12,2,2,6,0,2,3,0,1,3,10,0,10,0,0,0,0,0,2,18,0,12,6,0,2,3,10,2,2,2,12,68.38656772
2.02E+11,1.00E+00,3,70,46,70,2,9,4,4,0,0,4,0,0,2,2018,5,5,57,12,9,0,1,0,1,1,1,1,2,1,0,1,0,1,0,0,0,5,5,57,12,1,0,1,2,1,0,0,2,16,168.6017505
2.02E+11,1.00E+00,3,70,46,70,2,5,1,1,0,0,2,0,2,2,2018,5,7,50,35,2,4,0,0,1,1,0,4,1,1,0,1,0,0,0,0,0,5,7,50,35,0,0,1,1,1,4,2,2,16,36.67099924
2.02E+11,1.00E+00,3,70,46,70,2,7,2,2,0,0,2,0,0,2,2018,5,9,30,12,2,0,6,0,8,1,0,1,1,1,0,1,0,0,0,0,0,5,9,30,12,6,0,8,1,1,0,0,2,16,132.1532895
2.02E+11,1.00E+00,3,70,46,70,2,3,1,1,0,0,1,0,1,2,2018,5,16,15,5,2,2,0,0,1,1,0,5,1,10,0,10,0,0,0,0,0,5,16,15,5,0,0,1,1,10,2,1,2,16,28.249912