CASENUM,SURVIVED,REGION,PSU,PJ,PSU_VAR,URBANICITY,STRATUM,VE_TOTAL,VE_FORMS,PVH_INVL,PEDS,PERMVIT,PERNOTMVIT,NUM_INJ,MONTH,YEAR,DAY_WEEK,HOUR,MINUTE,HARM_EV,ALCOHOL,MAX_SEV,MAN_COLL,RELJCT1,RELJCT2,TYP_INT,WRK_ZONE,REL_ROAD,LGT_COND,WEATHER1,WEATHER2,WEATHER,SCH_BUS,INT_HWY,CF1,CF2,CF3,WKDY_IM,HOUR_IM,MINUTE_IM,EVENT1_IM,MANCOL_IM,RELJCT1_IM,RELJCT2_IM,LGTCON_IM,WEATHR_IM,MAXSEV_IM,NO_INJ_IM,ALCHL_IM,PSUSTRAT,WEIGHT
2.02E+11,1.00E+00,3,35,2799,35,1,6,2,2,0,0,3,0,2,1,2018,5,12,25,12,2,1,6,0,2,3,0,1,1,1,0,1,0,0,0,0,0,5,12,25,12,6,0,2,1,1,1,2,2,13,67.8623855
2.02E+11,1.00E+00,3,51,1098,51,1,10,1,1,0,0,1,0,0,1,2018,6,23,12,25,2,0,0,0,1,1,0,5,2,10,0,10,0,0,0,0,0,6,23,12,25,0,0,1,2,10,0,0,2,10,239.8061849
2.02E+11,1.00E+00,3,51,1098,51,1,4,2,2,0,0,3,0,1,1,2018,4,10,50,12,2,3,6,8,2,2,0,1,1,1,0,1,0,0,0,0,0,4,10,50,12,6,0,2,1,1,3,1,2,10,14.06793925
2.02E+11,1.00E+00,3,51,1078,51,1,8,2,2,0,0,2,0,1,1,2018,4,18,23,12,2,1,7,0,1,1,0,1,3,1,0,1,0,0,0,0,0,4,18,23,12,7,0,1,3,1,1,1,2,10,161.7415075
2.02E+11,1.00E+00,3,51,1078,51,1,9,2,2,0,0,5,0,0,1,2018,5,7,43,12,2,0,7,0,1,1,0,1,1,1,0,1,0,0,28,0,0,5,7,43,12,7,0,1,1,1,0,0,2,10,170.9125413
2.02E+11,1.00E+00,3,51,1098,51,1,6,2,2,0,0,2,0,1,1,2018,6,12,29,12,2,1,1,8,3,2,0,1,1,10,0,10,0,0,0,0,0,6,12,29,12,1,0,3,1,10,1,1,2,10,67.85786884
2.02E+11,1.00E+00,3,51,1098,51,1,8,1,1,0,0,2,0,2,1,2018,7,1,29,24,1,2,0,0,1,1,0,4,3,2,0,2,0,0,0,0,0,7,1,29,24,0,0,1,3,2,2,2,1,10,161.7415075
2.02E+11,1.00E+00,3,51,1078,51,1,9,2,2,0,0,3,0,0,1,2018,6,21,15,12,2,0,6,0,8,1,0,1,3,2,0,2,0,0,0,0,0,6,21,15,12,6,0,8,3,2,0,0,2,10,170.9125413
2.02E+11,1.00E+00,3,51,1098,51,1,9,2,2,0,0,2,0,0,1,2018,2,18,17,12,2,0,1,0,1,1,0,1,1,1,0,1,0,0,0,0,0,2,18,17,12,1,0,1,1,1,0,0,2,10,170.9125413
2.02E+11,1.00E+00,3,51,1098,51,1,7,2,2,0,0,3,0,2,1,2018,3,6,40,12,2,2,6,8,2,3,0,1,1,1,0,1,0,0,0,0,0,3,6,40,12,6,0,2,1,1,2,2,2,10,134.1549106
2.02E+11,1.00E+00,3,51,1078,51,1,3,1,1,0,0,1,0,1,1,2018,2,13,7,43,2,1,0,8,3,3,0,4,1,1,0,1,0,0,20,0,0,2,13,7,43,0,0,3,1,1,1,1,2,10,28.40034158
2.02E+11,1.00E+00,3,35,2799,35,1,9,2,2,0,0,2,0,0,1,2018,5,19,47,12,2,0,6,0,8,1,0,1,6,1,0,1,0,0,0,0,0,5,19,47,12,6,0,8,6,1,0,0,2,13,170.8649221
2.02E+11,1.00E+00,3,35,2799,35,1,8,2,2,0,0,3,0,1,1,2018,6,12,10,12,2,1,6,0,2,2,0,1,1,3,0,3,0,0,0,0,0,6,12,10,12,6,0,2,1,3,1,1,2,13,159.9994558
2.02E+11,1.00E+00,3,35,2799,35,1,10,2,2,0,0,2,0,0,1,2018,2,17,16,12,2,0,1,0,3,98,0,1,3,1,0,1,0,0,0,0,0,2,17,16,12,1,0,3,3,1,0,0,2,13,237.7898372
2.02E+11,1.00E+00,3,30,3296,30,1,6,3,3,0,0,6,0,1,1,2018,6,15,18,12,2,1,1,8,3,98,0,1,1,1,0,1,0,0,0,0,0,6,15,18,12,1,0,3,1,1,1,1,2,14,68.0544077
2.02E+11,1.00E+00,3,30,3296,30,1,9,2,2,0,0,2,0,0,1,2018,7,9,0,12,2,0,6,8,2,2,0,1,1,1,0,1,0,0,0,0,0,7,9,0,12,6,0,2,1,1,0,0,2,14,161.0898393
2.02E+11,1.00E+00,3,30,3296,30,1,10,2,2,0,0,3,0,0,1,2018,3,9,9,12,2,0,1,8,3,2,0,1,1,10,0,10,0,0,0,0,0,3,9,9,12,1,0,3,1,10,0,0,2,14,242.8595266
2.02E+11,1.00E+00,3,82,2139,82,2,7,2,2,0,0,2,0,0,1,2018,2,13,43,12,2,0,8,8,98,1,0,1,1,1,0,1,0,0,0,0,0,2,13,43,12,8,0,1,1,1,0,0,2,19,128.1269517
2.02E+11,1.00E+00,3,35,2799,35,1,9,2,2,0,0,3,0,0,1,2018,5,11,6,12,2,0,1,0,3,2,0,1,1,1,0,1,0,0,0,0,0,5,11,6,12,1,0,3,1,1,0,0,2,13,170.8649221
2.02E+11,1.00E+00,4,41,163,41,1,8,1,1,0,0,1,0,1,1,2018,7,1,27,33,2,2,0,0,1,1,0,4,3,1,0,1,0,0,0,0,0,7,1,27,33,0,0,1,3,1,2,1,2,22,172.3259229
2.02E+11,1.00E+00,4,41,163,41,1,3,1,1,0,0,1,0,1,1,2018,6,17,23,1,2,2,0,0,4,1,0,1,5,1,0,1,0,0,0,0,0,6,17,23,1,0,0,4,5,1,2,1,2,22,29.87819619
2.02E+11,1.00E+00,4,41,160,41,1,10,2,2,0,0,2,0,0,1,2018,6,5,32,12,9,0,7,0,1,1,0,1,3,1,0,1,0,0,0,0,0,6,5,32,12,7,0,1,3,1,0,0,2,22,257.7043256
2.02E+11,1.00E+00,4,41,160,41,1,9,2,2,0,0,3,0,0,1,2018,6,11,0,12,2,0,1,0,1,1,0,1,1,1,0,1,0,1,0,0,0,6,11,0,12,1,0,1,1,1,0,0,2,22,181.9225615
2.02E+11,1.00E+00,4,41,160,41,1,8,2,2,0,0,2,0,1,1,2018,7,17,20,12,2,2,1,0,20,1,0,1,5,10,0,10,0,0,0,0,0,7,17,20,12,1,0,20,5,10,2,1,2,22,172.3259229
2.02E+11,1.00E+00,4,64,305,64,1,3,2,2,0,0,2,0,1,2,2018,3,15,48,12,2,2,7,0,1,1,0,1,1,1,0,1,0,1,0,0,0,3,15,48,12,7,0,1,1,1,2,1,2,23,32.11839314
2.02E+11,1.00E+00,4,49,261,49,1,6,2,2,0,0,2,0,1,2,2018,1,21,40,12,1,1,1,0,1,1,0,1,3,1,0,1,0,1,0,0,0,1,21,40,12,1,0,1,3,1,1,1,1,21,83.84834563
2.02E+11,1.00E+00,4,49,262,49,1,10,2,2,0,0,5,0,0,2,2018,1,8,48,12,2,0,7,8,2,2,0,1,1,1,0,1,0,0,0,0,0,1,8,48,12,7,0,2,1,1,0,0,2,21,287.4625676
2.02E+11,1.00E+00,4,68,299,68,1,3,1,1,0,0,1,0,1,2,2018,4,18,33,1,2,1,0,0,1,1,0,2,2,1,0,1,0,1,0,0,0,4,18,33,1,0,0,1,2,1,1,1,2,23,30.42650222
2.02E+11,1.00E+00,4,56,210,210,1,3,4,4,0,0,4,0,2,2,2018,4,21,8,12,2,3,1,0,1,1,0,1,3,1,0,1,0,1,0,0,0,4,21,8,12,1,0,1,3,1,3,2,2,20,30.93527989
2.02E+11,1.00E+00,4,56,214,214,1,10,2,2,0,0,2,0,0,2,2018,7,4,20,12,9,0,1,0,1,1,0,1,3,10,0,10,0,0,0,0,0,7,4,20,12,1,0,1,3,10,0,0,2,20,265.2322733
2.02E+11,1.00E+00,4,56,189,189,1,8,2,2,0,0,2,0,1,1,2018,4,17,50,12,9,2,1,8,20,1,0,1,3,1,0,1,0,0,0,0,0,4,17,50,12,1,1,20,3,1,2,1,2,20,178.4020869
2.02E+11,1.00E+00,4,56,189,189,1,7,1,1,0,0,1,0,0,2,2018,4,5,40,24,2,0,0,0,1,1,0,4,3,2,0,2,0,1,0,0,0,4,5,40,24,0,0,1,3,2,0,0,2,20,149.7873364
2.02E+11,1.00E+00,3,65,2851,65,1,8,2,2,0,0,2,0,1,1,2018,4,15,20,12,2,1,1,0,3,2,0,1,1,1,0,1,0,0,0,0,0,4,15,20,12,1,0,3,1,1,1,1,2,13,159.3853443
2.02E+11,1.00E+00,3,33,1482,33,1,8,2,2,0,0,5,0,1,1,2018,4,18,33,12,2,1,1,0,1,1,0,1,2,1,0,1,0,0,0,0,0,4,18,33,12,1,0,1,2,1,1,1,2,11,159.6673759
2.02E+11,1.00E+00,3,33,1484,33,1,9,2,2,0,0,4,0,0,1,2018,4,19,2,12,2,0,1,8,3,3,0,1,5,1,0,1,0,0,0,0,0,4,19,2,12,1,0,3,5,1,0,0,2,11,170.3510796
2.02E+11,1.00E+00,4,41,165,41,1,7,2,2,0,0,2,0,0,1,2018,5,18,48,12,2,0,7,0,1,1,0,1,3,1,0,1,0,0,0,0,0,5,18,48,12,7,0,1,3,1,0,0,2,22,148.7428717
2.02E+11,1.00E+00,4,41,165,41,1,9,2,2,0,0,3,0,0,1,2018,7,9,49,12,2,0,6,0,2,2,0,1,1,1,0,1,0,0,0,0,0,7,9,49,12,6,0,2,1,1,0,0,2,22,181.9225614
2.02E+11,1.00E+00,4,41,165,41,1,10,2,2,0,0,3,0,0,1,2018,6,8,46,12,2,0,1,1,2,2,4,1,1,1,0,1,0,0,0,0,0,6,8,46,12,1,1,2,1,1,0,0,2,22,257.7043256
2.02E+11,1.00E+00,4,41,165,41,1,3,2,2,0,0,4,0,1,1,2018,6,7,13,12,2,3,1,0,2,3,0,1,1,1,0,1,0,0,0,0,0,6,7,13,12,1,0,2,1,1,3,1,2,22,29.87819619
2.02E+11,1.00E+00,4,41,165,41,1,2,1,1,0,1,2,1,1,1,2018,7,5,42,9,1,4,0,0,3,3,0,1,3,1,0,1,0,0,0,0,0,7,5,42,9,0,0,3,3,1,4,1,1,22,41.95267056
2.02E+11,1.00E+00,3,38,573,38,1,9,2,2,0,0,2,0,0,1,2018,3,15,12,12,2,0,1,8,3,2,0,1,1,1,0,1,0,0,0,0,0,3,15,12,12,1,0,3,1,1,0,0,2,14,170.6493625
2.02E+11,1.00E+00,4,41,161,41,1,10,1,1,0,0,1,0,0,1,2018,3,10,30,38,2,0,0,0,1,1,0,5,1,1,0,1,0,0,0,0,0,3,10,30,38,0,0,1,1,1,0,0,2,22,257.7043256
2.02E+11,1.00E+00,4,41,161,41,1,6,2,2,0,0,2,0,2,1,2018,3,22,12,12,2,2,2,0,2,2,0,1,3,1,0,1,0,0,0,0,0,3,22,12,12,2,0,2,3,1,2,2,2,22,72.54516701
2.02E+11,1.00E+00,4,41,161,41,1,9,2,2,0,0,2,0,0,1,2018,1,17,15,12,2,0,6,0,2,2,0,1,1,1,0,1,0,0,0,0,0,1,17,15,12,6,0,2,1,1,0,0,2,22,181.9225615
2.02E+11,1.00E+00,4,24,170,24,2,2,1,1,0,1,1,1,1,1,2018,6,7,0,9,2,3,0,0,3,2,0,1,3,1,0,1,0,0,0,0,0,6,7,0,9,0,0,3,3,1,3,1,2,24,28.68279638
2.02E+11,1.00E+00,4,24,170,24,2,6,3,3,0,0,3,0,1,1,2018,4,17,7,12,2,1,1,0,1,1,0,1,1,1,0,1,0,0,0,0,0,4,17,7,12,1,0,1,1,1,1,1,2,24,66.27464315
2.02E+11,1.00E+00,4,24,170,24,2,9,2,2,0,0,2,0,0,1,2018,4,1,24,12,1,0,2,0,2,2,0,1,3,1,0,1,0,0,0,0,0,4,1,24,12,2,0,2,3,1,0,0,1,24,159.5192954
2.02E+11,1.00E+00,4,41,159,41,1,2,1,1,0,1,1,1,1,1,2018,5,7,7,9,2,2,0,0,2,2,0,1,4,1,0,1,0,0,0,0,0,5,7,7,9,0,0,2,4,1,2,1,2,22,32.44385918
2.02E+11,1.00E+00,4,41,159,41,1,6,2,2,0,0,3,0,1,1,2018,4,14,58,12,2,1,1,1,2,2,0,1,1,1,0,1,0,0,0,0,0,4,14,58,12,1,1,2,1,1,1,1,2,22,72.54516698
2.02E+11,1.00E+00,3,33,1481,33,1,10,3,1,2,0,2,0,0,1,2018,6,13,48,14,2,0,0,0,1,1,0,7,1,2,0,2,0,0,14,0,0,6,13,48,14,0,0,1,1,2,0,0,2,11,239.5108657
2.02E+11,1.00E+00,4,41,159,41,1,10,2,2,0,0,2,0,0,1,2018,2,17,6,12,2,0,7,1,18,1,1,1,1,1,0,1,0,0,0,0,0,2,17,6,12,7,1,18,1,1,0,0,2,22,257.7043256
2.02E+11,1.00E+00,4,41,159,41,1,5,2,2,0,0,2,0,1,1,2018,5,19,13,12,2,3,1,0,3,3,0,1,3,1,0,1,0,0,0,0,0,5,19,13,12,1,0,3,3,1,3,2,2,22,29.018941
2.02E+11,1.00E+00,4,41,159,41,1,9,2,2,0,0,4,0,0,1,2018,2,13,30,12,9,0,1,0,3,3,0,1,1,1,0,1,0,0,0,0,0,2,13,30,12,1,0,3,1,1,0,0,2,22,181.9225615
2.02E+11,1.00E+00,3,33,1484,33,1,7,2,2,0,0,2,0,0,1,2018,3,11,59,12,2,0,1,0,1,1,0,1,1,1,0,1,0,0,0,0,0,3,11,59,12,1,0,1,1,1,0,0,2,11,136.9746958
2.02E+11,1.00E+00,3,33,1484,33,1,6,2,2,0,0,2,0,1,1,2018,6,14,54,12,2,1,1,0,1,1,0,1,1,10,0,10,0,0,0,0,0,6,14,54,12,1,0,1,1,10,1,1,2,11,68.22883242
2.02E+11,1.00E+00,3,38,573,38,1,10,2,2,0,0,2,0,0,1,2018,3,18,27,12,2,0,1,8,3,3,0,1,2,1,0,1,0,0,0,0,0,3,18,27,12,1,0,3,2,1,0,0,2,14,239.7134985
2.02E+11,1.00E+00,3,65,2851,65,1,3,2,2,0,0,2,0,1,1,2018,1,5,9,18,2,2,0,0,1,1,0,1,2,1,0,1,0,0,0,0,0,1,5,9,18,0,0,1,2,1,2,1,2,13,28.12250946
2.02E+11,1.00E+00,3,33,1481,33,1,7,2,2,0,0,2,0,1,1,2018,3,15,6,12,2,1,1,1,3,2,0,1,1,1,0,1,0,0,0,0,0,3,15,6,12,1,1,3,1,1,1,1,2,11,136.9746958
2.02E+11,1.00E+00,3,33,1482,33,1,9,1,1,0,0,1,0,0,1,2018,6,17,20,91,2,0,0,0,1,1,0,1,2,1,0,1,0,1,0,0,0,6,17,20,91,0,0,1,2,1,0,0,2,11,170.3510796
2.02E+11,1.00E+00,4,46,353,46,1,6,4,4,0,0,5,0,3,1,2018,4,17,25,12,2,2,1,0,1,1,0,1,3,98,0,98,0,0,0,0,0,4,17,25,12,1,0,1,3,1,2,3,2,22,97.51220033
2.02E+11,1.00E+00,3,65,2851,65,1,2,1,1,0,1,1,1,1,1,2018,1,12,45,8,2,3,0,0,3,2,0,1,1,1,0,1,0,0,0,0,0,1,12,45,8,0,0,3,1,1,3,1,2,13,31.23078061
2.02E+11,1.00E+00,3,55,1056,55,2,6,1,1,0,0,2,0,1,1,2018,4,16,47,34,2,1,0,0,1,1,0,4,1,1,0,1,0,0,0,0,0,4,16,47,34,0,0,1,1,1,1,1,2,17,91.50572577
2.02E+11,1.00E+00,3,55,1056,55,2,8,2,2,0,0,2,0,1,1,2018,2,14,21,12,2,1,2,0,1,1,0,1,1,1,0,1,0,0,0,0,0,2,14,21,12,2,0,1,1,1,1,1,2,17,154.6972419
2.02E+11,1.00E+00,3,55,1075,55,2,7,2,2,0,0,2,0,0,1,2018,2,15,33,12,2,0,7,0,3,2,0,1,1,10,0,10,1,0,0,0,0,2,15,33,12,7,0,3,1,10,0,0,2,17,130.5725128
2.02E+11,1.00E+00,3,55,1069,55,2,6,2,2,0,0,3,0,1,1,2018,1,0,17,12,2,1,6,0,2,2,0,1,3,1,0,1,0,0,0,0,0,1,0,17,12,6,0,2,3,1,1,1,2,17,65.24343019
2.02E+11,1.00E+00,3,55,1056,55,2,10,1,1,0,0,1,0,0,2,2018,5,16,32,59,2,0,0,0,1,1,0,4,1,10,0,10,0,0,0,0,0,5,16,32,59,0,0,1,1,10,0,0,2,17,240.7697066
2.02E+11,1.00E+00,3,55,1056,55,2,6,2,2,0,0,3,0,1,2,2018,6,9,4,12,2,1,7,0,2,2,0,1,1,10,0,10,0,0,0,0,0,6,9,4,12,7,0,2,1,10,1,1,2,17,91.50572577
2.02E+11,1.00E+00,3,55,1075,55,2,6,2,2,0,0,2,0,2,2,2018,6,5,54,12,2,1,1,0,1,1,0,1,1,10,0,10,0,0,0,0,0,6,5,54,12,1,0,1,1,10,1,2,2,17,65.24343021
2.02E+11,1.00E+00,4,46,353,46,1,9,2,2,0,0,2,0,0,1,2018,5,6,0,12,2,0,1,8,3,98,0,1,1,98,0,98,0,0,0,0,0,5,6,0,12,1,0,3,1,10,0,0,2,22,242.6264454
2.02E+11,1.00E+00,3,65,2851,65,1,10,2,2,0,0,2,0,0,1,2018,1,22,19,12,2,0,1,0,3,98,0,1,3,1,0,1,0,0,0,0,0,1,22,19,12,1,0,3,3,1,0,0,2,13,232.6913404
2.02E+11,1.00E+00,3,33,1477,33,1,9,2,2,0,0,2,0,0,1,2018,6,17,53,12,2,0,1,0,1,1,0,1,3,10,0,10,0,0,0,0,0,6,17,53,12,1,0,1,3,10,0,0,2,11,170.3510796
2.02E+11,1.00E+00,3,33,1484,33,1,9,2,2,0,0,2,0,0,1,2018,6,18,44,12,2,0,1,1,20,1,0,1,3,1,0,1,0,1,0,0,0,6,18,44,12,1,1,20,3,1,0,0,2,11,170.3510796
2.02E+11,1.00E+00,3,33,1484,33,1,10,2,2,0,0,2,0,0,1,2018,3,17,46,12,2,0,6,0,8,1,0,1,3,1,0,1,0,0,0,0,0,3,17,46,12,6,0,8,3,1,0,0,2,11,239.5108657
2.02E+11,1.00E+00,3,38,573,38,1,8,2,2,0,0,2,0,1,1,2018,4,7,45,12,2,1,1,0,1,1,0,1,1,10,0,10,0,0,0,0,0,4,7,45,12,1,0,1,1,10,1,1,2,14,159.5485496
2.02E+11,1.00E+00,3,65,2851,65,1,6,2,2,0,0,3,0,2,1,2018,3,8,33,12,2,2,6,0,2,2,0,1,1,1,0,1,0,0,0,0,0,3,8,33,12,6,0,2,1,1,2,2,2,13,68.24286331
2.02E+11,1.00E+00,3,65,2851,65,1,9,2,2,0,0,2,0,0,1,2018,3,9,13,12,2,0,1,0,1,1,0,1,1,1,0,1,0,0,0,0,0,3,9,13,12,1,0,1,1,1,0,0,2,13,167.7678594
2.02E+11,1.00E+00,2,67,1919,67,1,10,2,2,0,0,3,0,0,1,2018,7,14,44,12,2,0,1,8,3,2,0,1,1,1,0,1,0,0,0,0,0,7,14,44,12,1,0,3,1,1,0,0,2,8,233.9772104
2.02E+11,1.00E+00,4,46,353,46,1,8,1,1,0,0,1,0,1,1,2018,1,13,10,30,2,1,0,0,1,1,0,4,1,4,0,4,0,0,0,0,0,1,13,10,30,0,0,1,1,4,1,1,2,22,227.6132496
2.02E+11,1.00E+00,4,46,353,46,1,9,1,1,0,0,1,0,0,1,2018,7,8,50,24,2,0,0,0,1,1,0,4,1,98,0,98,0,0,0,0,0,7,8,50,24,0,0,1,1,2,0,0,2,22,242.6264454
2.02E+11,1.00E+00,3,33,1482,33,1,10,1,1,0,0,1,0,0,1,2018,2,9,1,57,2,0,0,0,1,1,0,4,1,2,0,2,0,0,0,0,0,2,9,1,57,0,0,1,1,2,0,0,2,11,239.5108657
2.02E+11,1.00E+00,3,38,573,38,1,9,2,2,0,0,2,0,0,1,2018,3,9,33,12,2,0,1,8,3,2,0,1,1,1,0,1,0,0,0,0,0,3,9,33,12,1,0,3,1,1,0,0,2,14,170.6493625
2.02E+11,1.00E+00,2,45,1278,45,2,10,1,1,0,0,1,0,0,1,2018,6,4,30,11,2,0,0,0,1,1,0,1,2,1,0,1,0,0,0,0,0,6,4,30,11,0,0,1,2,1,0,0,2,9,234.9863047
2.02E+11,1.00E+00,4,46,353,46,1,6,1,1,0,0,1,0,1,1,2018,3,11,30,17,2,1,0,0,1,1,0,4,1,98,0,98,0,0,0,0,0,3,11,30,17,0,0,1,1,1,1,1,2,22,97.51220033
2.02E+11,1.00E+00,2,45,1278,45,2,9,1,1,0,0,1,0,0,1,2018,4,21,40,11,2,0,0,0,1,1,0,1,2,1,0,1,0,0,0,0,0,4,21,40,11,0,0,1,2,1,0,0,2,9,170.9728194
2.02E+11,1.00E+00,4,46,353,46,1,9,2,2,0,0,2,0,0,1,2018,6,15,11,12,9,0,6,8,3,98,0,1,1,98,0,98,0,0,0,0,0,6,15,11,12,6,0,3,1,10,0,0,2,22,242.6264454
2.02E+11,1.00E+00,3,38,573,38,1,6,2,2,0,0,2,0,1,1,2018,3,8,42,12,2,1,6,8,2,2,0,1,1,1,0,1,0,0,0,0,0,3,8,42,12,6,0,2,1,1,1,1,2,14,68.14022452
2.02E+11,1.00E+00,3,38,573,38,1,10,2,2,0,0,2,0,0,1,2018,4,7,58,12,2,0,1,0,1,1,0,1,1,1,0,1,0,0,0,0,0,4,7,58,12,1,0,1,1,1,0,0,2,14,239.7134985
2.02E+11,1.00E+00,3,51,1098,51,1,10,2,2,0,0,5,0,1,1,2018,4,1,50,12,2,1,6,8,2,98,0,1,1,1,0,1,0,0,0,0,0,4,1,50,12,6,0,2,1,1,1,1,2,10,239.8061849
2.02E+11,1.00E+00,3,51,1078,51,1,6,2,2,0,0,2,0,2,2,2018,5,11,12,12,2,1,6,0,1,1,0,1,1,1,0,1,0,0,0,0,0,5,11,12,12,6,0,1,1,1,1,2,2,10,67.85786884
2.02E+11,1.00E+00,3,51,1098,51,1,9,2,2,0,0,2,0,0,2,2018,5,18,20,12,9,0,1,0,1,1,0,1,3,1,0,1,0,0,0,0,0,5,18,20,12,1,0,1,3,1,0,0,2,10,170.9125413
2.02E+11,1.00E+00,3,51,1080,51,1,10,2,2,0,0,4,0,0,2,2018,6,13,5,12,2,0,6,8,2,2,0,1,1,10,0,10,0,0,0,0,0,6,13,5,12,6,0,2,1,10,0,0,2,10,239.8061849
2.02E+11,1.00E+00,3,51,1078,51,1,10,2,2,0,0,5,0,0,2,2018,6,7,25,12,2,0,6,8,2,2,0,1,1,10,0,10,0,0,0,0,0,6,7,25,12,6,0,2,1,10,0,0,2,10,239.8061849
2.02E+11,1.00E+00,3,51,1078,51,1,7,2,2,0,0,3,0,0,2,2018,6,11,20,12,2,0,6,0,8,1,0,1,1,10,0,10,0,0,0,0,0,6,11,20,12,6,0,8,1,10,0,0,2,10,134.1549106
2.02E+11,1.00E+00,3,51,1078,51,1,2,1,1,0,2,1,2,2,2,2018,1,18,0,18,1,1,0,8,3,2,0,1,3,1,0,1,0,0,15,0,0,1,18,0,18,0,0,3,3,1,1,2,1,10,29.85629098
2.02E+11,1.00E+00,3,51,1098,51,1,10,2,2,0,0,3,0,0,2,2018,1,9,0,12,9,0,7,8,3,2,0,1,1,1,0,1,0,0,0,0,0,1,9,0,12,7,0,3,1,1,0,0,2,10,239.8061849
2.02E+11,1.00E+00,3,51,1098,51,1,6,2,2,0,0,2,0,1,2,2018,2,16,15,12,9,1,9,8,2,2,0,1,1,1,0,1,0,0,0,0,0,2,16,15,12,9,0,2,1,1,1,1,2,10,67.85786884
2.02E+11,1.00E+00,3,51,1098,51,1,9,2,1,1,0,1,0,0,2,2018,3,11,0,14,2,0,0,0,1,1,0,7,1,2,0,2,0,0,0,0,0,3,11,0,14,0,0,1,1,2,0,0,2,10,170.9125413
2.02E+11,1.00E+00,3,51,1098,51,1,10,2,2,0,0,3,0,0,2,2018,4,15,0,12,2,0,6,8,2,2,0,1,1,2,0,2,0,0,0,0,0,4,15,0,12,6,0,2,1,2,0,0,2,10,239.8061849
2.02E+11,1.00E+00,3,51,1098,51,1,8,2,2,0,0,3,0,2,2,2018,4,23,5,12,2,2,6,0,1,1,0,1,3,2,0,2,0,0,0,0,0,4,23,5,12,6,0,1,3,2,2,2,2,10,161.7415075
2.02E+11,1.00E+00,3,51,1098,51,1,6,2,2,0,0,2,0,2,2,2018,5,7,15,12,2,2,6,8,2,2,0,1,1,1,0,1,0,0,0,0,0,5,7,15,12,6,0,2,1,1,2,2,2,10,67.85786884
2.02E+11,1.00E+00,3,51,1098,51,1,3,2,2,0,0,2,0,1,2,2018,6,12,15,12,2,1,6,8,2,98,0,1,1,1,0,1,0,0,0,0,0,6,12,15,12,6,0,2,1,1,1,1,2,10,28.40034158
2.02E+11,1.00E+00,3,51,1078,51,1,6,3,3,0,0,3,0,2,2,2018,6,10,55,12,2,1,1,8,3,3,0,1,1,1,0,1,0,1,0,0,0,6,10,55,12,1,0,3,1,1,1,2,2,10,67.85786884
2.02E+11,1.00E+00,3,51,1098,51,1,7,2,2,0,0,3,0,0,2,2018,6,12,35,12,2,0,7,8,3,2,0,1,1,1,0,1,0,0,0,0,0,6,12,35,12,7,0,3,1,1,0,0,2,10,134.1549106
2.02E+11,1.00E+00,4,64,305,64,1,7,3,3,0,0,3,0,0,2,2018,6,14,19,12,2,0,1,0,1,1,0,1,1,1,0,1,0,1,0,0,0,6,14,19,12,1,0,1,1,1,0,0,2,23,151.2655651
2.02E+11,1.00E+00,4,68,295,68,1,5,4,1,3,0,2,0,1,1,2018,5,0,35,14,9,4,0,0,1,1,0,7,3,1,0,1,0,0,0,0,0,5,0,35,14,0,0,1,3,1,4,1,2,23,39.64862248
2.02E+11,1.00E+00,4,56,208,208,1,7,3,3,0,0,3,0,0,2,2018,4,15,45,12,2,0,1,0,1,1,0,1,1,1,0,1,0,1,0,0,0,4,15,45,12,1,0,1,1,1,0,0,2,20,149.7873365
2.02E+11,1.00E+00,4,56,211,211,1,9,4,4,0,0,5,0,0,2,2018,5,9,28,12,2,0,1,0,1,1,0,1,1,1,0,1,0,1,0,0,0,5,9,28,12,1,0,1,1,1,0,0,2,20,187.1933079
2.02E+11,1.00E+00,4,41,160,41,1,6,3,3,0,0,3,0,1,1,2018,2,15,38,12,2,2,1,0,1,1,0,1,1,1,0,1,0,1,0,0,0,2,15,38,12,1,0,1,1,1,2,1,2,22,72.54516698
2.02E+11,1.00E+00,4,41,160,41,1,3,2,2,0,0,2,0,1,1,2018,7,14,17,12,2,2,1,0,1,1,0,1,1,1,0,1,0,0,0,0,0,7,14,17,12,1,0,1,1,1,2,1,2,22,29.87819619
2.02E+11,1.00E+00,4,41,160,41,1,10,2,2,0,0,2,0,0,1,2018,2,17,34,12,2,0,1,1,3,98,0,1,1,1,0,1,0,0,0,0,0,2,17,34,12,1,1,3,1,1,0,0,2,22,257.7043256
2.02E+11,1.00E+00,3,48,91,48,1,9,2,2,0,0,2,0,0,2,2018,2,7,40,12,2,0,6,0,2,3,0,1,1,10,0,10,0,0,0,0,0,2,7,40,12,6,0,2,1,10,0,0,2,12,170.6546305