CASENUM,SURVIVED,REGION,PSU,PJ,PSU_VAR,URBANICITY,STRATUM,VE_TOTAL,VE_FORMS,PVH_INVL,PEDS,PERMVIT,PERNOTMVIT,NUM_INJ,MONTH,YEAR,DAY_WEEK,HOUR,MINUTE,HARM_EV,ALCOHOL,MAX_SEV,MAN_COLL,RELJCT1,RELJCT2,TYP_INT,WRK_ZONE,REL_ROAD,LGT_COND,WEATHER1,WEATHER2,WEATHER,SCH_BUS,INT_HWY,CF1,CF2,CF3,WKDY_IM,HOUR_IM,MINUTE_IM,EVENT1_IM,MANCOL_IM,RELJCT1_IM,RELJCT2_IM,LGTCON_IM,WEATHR_IM,MAXSEV_IM,NO_INJ_IM,ALCHL_IM,PSUSTRAT,WEIGHT
2.02E+11,1.00E+00,2,25,1829,25,1,9,1,1,0,0,1,0,0,1,2018,6,14,30,34,2,0,0,0,1,1,0,4,1,3,0,3,0,0,0,0,0,6,14,30,34,0,0,1,1,3,0,0,2,8,166.8760736
2.02E+11,1.00E+00,2,25,1829,25,1,5,1,1,0,0,3,0,1,1,2018,6,21,34,1,2,3,0,8,3,3,0,4,2,4,0,4,0,0,0,0,0,6,21,34,1,0,0,3,2,4,3,1,2,8,107.1138926
2.02E+11,1.00E+00,3,38,573,38,1,9,2,2,0,0,2,0,0,2,2018,5,10,4,12,2,0,1,8,3,3,0,1,1,10,0,10,0,0,0,0,0,5,10,4,12,1,0,3,1,10,0,0,2,14,170.6493625
2.02E+11,1.00E+00,4,24,170,24,2,3,1,1,0,0,1,0,1,1,2018,4,16,7,1,2,3,0,0,2,2,0,1,1,1,0,1,0,0,0,0,0,4,16,7,1,0,0,2,1,1,3,1,2,24,26.07526943
2.02E+11,1.00E+00,3,17,1053,17,1,2,1,1,0,1,2,1,1,1,2018,4,18,3,8,2,2,0,0,3,98,0,1,3,10,0,10,0,0,0,0,0,4,18,3,8,0,0,3,3,10,2,1,2,15,30.02640412
2.02E+11,1.00E+00,2,25,1829,25,1,8,1,1,0,0,1,0,1,1,2018,2,9,52,35,2,2,0,0,1,1,0,4,1,4,0,4,0,0,0,0,0,2,9,52,35,0,0,1,1,4,2,1,2,8,156.6473085
2.02E+11,1.00E+00,4,24,170,24,2,10,2,2,0,0,3,0,0,1,2018,3,12,52,12,2,0,1,0,8,1,0,1,1,1,0,1,0,0,0,0,0,3,12,52,12,1,0,8,1,1,0,0,2,24,225.0409123
2.02E+11,1.00E+00,2,25,1829,25,1,10,2,2,0,0,2,0,0,1,2018,2,21,46,12,2,0,2,0,1,1,0,1,2,4,0,4,0,0,0,0,0,2,21,46,12,2,0,1,2,4,0,0,2,8,233.2764015
2.02E+11,1.00E+00,2,25,1829,25,1,7,2,2,0,0,3,0,0,1,2018,3,9,20,12,2,0,6,0,2,2,0,1,1,1,0,1,0,0,0,0,0,3,9,20,12,6,0,2,1,1,0,0,2,8,132.193686
2.02E+11,1.00E+00,3,38,573,38,1,6,2,2,0,0,2,0,1,2,2018,5,13,7,12,2,2,6,8,2,3,0,1,1,1,0,1,0,0,0,0,0,5,13,7,12,6,0,2,1,1,2,1,2,14,68.14022452
2.02E+11,1.00E+00,4,41,161,41,1,2,1,1,0,1,4,1,1,1,2018,4,8,5,8,2,2,0,8,3,2,0,1,1,1,0,1,0,0,0,0,0,4,8,5,8,0,0,3,1,1,2,1,2,22,32.44385919
2.02E+11,1.00E+00,3,38,573,38,1,10,2,1,1,0,1,0,0,2,2018,1,14,35,14,2,0,0,8,8,1,0,7,1,10,0,10,0,0,0,0,0,1,14,35,14,0,0,8,1,10,0,0,2,14,239.7134985
2.02E+11,1.00E+00,3,38,573,38,1,8,1,1,0,0,1,0,1,2,2018,7,16,50,24,2,1,0,0,1,1,0,4,1,10,0,10,0,0,0,0,0,7,16,50,24,0,0,1,1,10,1,1,2,14,159.5485496
2.02E+11,1.00E+00,3,35,2799,35,1,9,2,2,0,0,2,0,0,1,2018,4,12,35,12,2,0,7,0,1,1,0,1,1,1,0,1,0,0,0,0,0,4,12,35,12,7,0,1,1,1,0,0,2,13,170.8649221
2.02E+11,1.00E+00,3,35,2799,35,1,8,2,2,0,0,2,0,1,1,2018,5,6,54,12,2,2,1,0,3,4,0,1,1,1,0,1,0,0,0,0,0,5,6,54,12,1,0,3,1,1,2,1,2,13,159.9994558
2.02E+11,1.00E+00,3,35,2799,35,1,6,2,2,0,0,3,0,3,1,2018,6,18,30,12,2,2,1,0,1,1,0,1,2,1,0,1,0,0,0,0,0,6,18,30,12,1,0,1,2,1,2,3,2,13,67.8623855
2.02E+11,1.00E+00,3,35,2799,35,1,10,2,2,0,0,3,0,0,1,2018,7,13,7,12,2,0,7,0,3,98,0,1,1,1,0,1,0,0,0,0,0,7,13,7,12,7,0,3,1,1,0,0,2,13,237.7898372
2.02E+11,1.00E+00,4,41,160,41,1,9,2,2,0,0,2,0,0,1,2018,2,16,28,12,2,0,1,0,98,1,0,1,1,1,0,1,0,0,0,0,0,2,16,28,12,1,0,1,1,1,0,0,2,22,181.9225615
2.02E+11,1.00E+00,3,33,1477,33,1,6,2,2,0,0,2,0,1,1,2018,3,17,0,12,2,1,6,0,1,1,0,1,1,1,0,1,0,0,0,0,0,3,17,0,12,6,0,1,1,1,1,1,2,11,68.22883241
2.02E+11,1.00E+00,3,33,1484,33,1,10,2,2,0,0,4,0,0,1,2018,3,18,5,12,2,0,6,8,2,3,0,1,3,1,0,1,0,0,0,0,0,3,18,5,12,6,0,2,3,1,0,0,2,11,239.5108657
2.02E+11,1.00E+00,3,33,1481,33,1,9,2,2,0,0,2,0,0,1,2018,3,18,25,12,2,0,6,8,3,3,0,1,3,1,0,1,0,0,0,0,0,3,18,25,12,6,0,3,3,1,0,0,2,11,170.3510796
2.02E+11,1.00E+00,2,25,1829,25,1,10,2,2,0,0,2,0,0,1,2018,4,6,12,12,2,0,1,8,98,98,0,1,2,10,0,10,0,0,0,0,0,4,6,12,12,1,0,3,2,10,0,0,2,8,233.2764015
2.02E+11,1.00E+00,2,25,1829,25,1,8,2,2,0,0,4,0,1,1,2018,4,17,27,12,2,1,6,0,2,2,0,1,2,1,0,1,0,0,0,0,0,4,17,27,12,6,0,2,2,1,1,1,2,8,156.6473085
2.02E+11,1.00E+00,3,33,1482,33,1,9,2,2,0,0,3,0,0,1,2018,3,19,30,12,2,0,9,0,8,1,0,1,2,1,0,1,0,0,0,0,0,3,19,30,12,9,0,8,2,1,0,0,2,11,170.3510796
2.02E+11,1.00E+00,2,25,1829,25,1,10,1,1,0,0,1,0,0,1,2018,7,8,38,35,2,0,0,0,1,1,0,4,1,10,0,10,0,0,0,0,0,7,8,38,35,0,0,1,1,10,0,0,2,8,233.2764015
2.02E+11,1.00E+00,2,25,1829,25,1,8,2,2,0,0,3,0,3,1,2018,7,9,18,12,2,2,6,0,2,2,0,1,1,1,0,1,0,0,0,0,0,7,9,18,12,6,0,2,1,1,2,3,2,8,156.6473085
2.02E+11,1.00E+00,2,67,1919,67,1,2,1,1,0,1,2,1,1,1,2018,3,15,0,8,2,2,0,8,3,2,0,1,1,10,0,10,0,0,0,0,0,3,15,0,8,0,0,3,1,10,2,1,2,8,29.35543227
2.02E+11,1.00E+00,3,33,1481,33,1,9,2,2,0,0,2,0,0,1,2018,4,10,25,12,9,0,6,0,8,1,0,1,1,4,0,4,0,0,0,0,0,4,10,25,12,6,0,8,1,4,0,0,2,11,170.3510796
2.02E+11,1.00E+00,2,25,1829,25,1,10,1,1,0,0,1,0,0,1,2018,2,15,56,38,1,0,0,0,1,1,0,4,1,10,0,10,0,0,0,0,0,2,15,56,38,0,0,1,1,10,0,0,1,8,233.2764015
2.02E+11,1.00E+00,2,25,1829,25,1,10,1,1,0,0,1,0,0,1,2018,3,20,44,38,2,0,0,0,1,1,0,4,2,1,0,1,0,0,0,0,0,3,20,44,38,0,0,1,2,1,0,0,2,8,233.2764015
2.02E+11,1.00E+00,3,17,1053,17,1,4,2,2,0,0,2,0,1,1,2018,4,21,30,12,2,3,6,0,2,98,0,1,5,10,0,10,0,0,0,0,0,4,21,30,12,6,0,2,5,10,3,1,2,15,13.93719885
2.02E+11,1.00E+00,2,25,2018,25,1,10,1,1,0,0,3,0,0,1,2018,2,15,40,42,2,0,0,8,3,3,0,4,1,1,0,1,0,0,0,0,0,2,15,40,42,0,0,3,1,1,0,0,2,8,233.2764015
2.02E+11,1.00E+00,3,62,543,62,2,8,3,3,0,0,3,0,2,2,2018,6,7,54,12,2,2,1,0,1,1,0,1,1,1,0,1,0,0,0,0,0,6,7,54,12,1,0,1,1,1,2,2,2,18,157.2876567
2.02E+11,1.00E+00,2,25,2018,25,1,9,2,2,0,0,4,0,0,1,2018,4,12,21,12,2,0,1,8,20,1,0,1,1,1,0,1,0,0,0,0,0,4,12,21,12,1,1,20,1,1,0,0,2,8,166.8760737
2.02E+11,1.00E+00,3,38,573,38,1,9,2,2,0,0,2,0,0,2,2018,1,18,4,12,2,0,6,8,2,3,0,1,1,10,0,10,0,0,0,0,0,1,18,4,12,6,0,2,1,10,0,0,2,14,170.6493625
2.02E+11,1.00E+00,3,33,1482,33,1,5,1,1,0,0,2,0,2,1,2018,4,14,37,57,2,3,0,0,1,1,0,3,1,4,0,4,0,0,0,0,0,4,14,37,57,0,0,1,1,4,3,2,2,11,27.30977254
2.02E+11,1.00E+00,2,27,892,27,1,9,2,2,0,0,2,0,0,1,2018,5,8,30,12,2,0,6,0,2,98,3,1,1,1,0,1,0,0,0,0,0,5,8,30,12,6,0,2,1,1,0,0,2,6,164.3174014
2.02E+11,1.00E+00,3,33,1482,33,1,10,1,1,0,0,1,0,0,1,2018,4,16,27,24,2,0,0,0,1,1,0,4,1,4,0,4,0,0,0,0,0,4,16,27,24,0,0,1,1,4,0,0,2,11,239.5108657
2.02E+11,1.00E+00,3,38,573,38,1,4,4,4,0,0,4,0,3,2,2018,1,15,3,34,2,3,0,0,1,1,0,3,1,10,0,10,0,0,0,0,0,1,15,3,34,0,0,1,1,10,3,3,2,14,13.62707383
2.02E+11,1.00E+00,2,67,1919,67,1,9,3,3,0,0,3,0,0,1,2018,4,7,17,12,2,0,1,0,1,1,0,1,3,1,0,1,0,0,0,0,0,4,7,17,12,1,0,1,3,1,0,0,2,8,166.3556539
2.02E+11,1.00E+00,2,67,1919,67,1,10,2,2,0,0,2,0,0,1,2018,4,8,5,12,2,0,7,0,1,1,0,1,1,10,0,10,0,0,0,0,0,4,8,5,12,7,0,1,1,10,0,0,2,8,233.9772104
2.02E+11,1.00E+00,3,38,573,38,1,6,2,2,0,0,2,0,1,2,2018,2,18,59,12,2,1,1,8,3,2,0,1,2,1,0,1,0,0,0,0,0,2,18,59,12,1,0,3,2,1,1,1,2,14,68.14022452
2.02E+11,1.00E+00,3,33,1482,33,1,7,2,2,0,0,2,0,0,1,2018,4,19,13,12,2,0,6,0,1,1,0,1,3,4,0,4,0,1,0,0,0,4,19,13,12,6,0,1,3,4,0,0,2,11,136.9746958
2.02E+11,1.00E+00,3,62,543,62,2,9,2,2,0,0,2,0,0,2,2018,3,15,56,12,2,0,7,0,1,1,0,1,1,1,0,1,0,0,0,0,0,3,15,56,12,7,0,1,1,1,0,0,2,18,168.3928504
2.02E+11,1.00E+00,3,62,543,62,2,10,2,2,0,0,2,0,0,2,2018,5,12,10,12,2,0,7,8,3,2,0,1,1,1,0,1,0,0,0,0,0,5,12,10,12,7,0,3,1,1,0,0,2,18,233.2197686
2.02E+11,1.00E+00,4,64,305,64,1,9,2,2,0,0,2,0,0,2,2018,3,8,25,12,2,0,7,0,1,1,0,1,1,1,0,1,0,0,0,0,0,3,8,25,12,7,0,1,1,1,0,0,2,23,198.2720412
2.02E+11,1.00E+00,4,64,305,64,1,6,3,3,0,0,12,0,3,2,2018,7,13,10,12,2,1,6,8,2,2,0,1,1,1,0,1,0,0,0,0,0,7,13,10,12,6,0,2,1,1,1,3,2,23,78.13454015
2.02E+11,1.00E+00,4,64,305,64,1,8,3,3,0,0,3,0,1,2,2018,6,7,33,12,2,1,1,0,1,1,0,1,1,1,0,1,0,0,0,0,0,6,7,33,12,1,0,1,1,1,1,1,2,23,193.3845999
2.02E+11,1.00E+00,4,49,261,49,1,8,2,2,0,0,3,0,1,2,2018,4,10,0,12,2,1,6,8,2,2,0,1,1,1,0,1,0,0,0,0,0,4,10,0,12,6,0,2,1,1,1,1,2,21,195.2114628
2.02E+11,1.00E+00,4,49,261,49,1,2,1,1,0,1,1,1,1,2,2018,7,13,50,9,2,1,0,8,4,1,0,1,1,1,0,1,0,0,16,0,0,7,13,50,9,0,0,4,1,1,1,1,2,21,37.40243427
2.02E+11,1.00E+00,2,14,2755,14,2,9,2,2,0,0,2,0,0,2,2018,5,15,11,12,2,0,9,8,2,2,0,1,1,10,0,10,0,0,0,0,0,5,15,11,12,9,0,2,1,10,0,0,2,9,415.0764655
2.02E+11,1.00E+00,2,77,641,77,2,10,2,2,0,0,2,0,0,2,2018,4,12,13,12,2,0,7,8,3,2,0,1,1,10,0,10,0,0,0,0,0,4,12,13,12,7,0,3,1,10,0,0,2,9,234.8832349
2.02E+11,1.00E+00,2,77,641,77,2,8,3,3,0,0,4,0,2,2,2018,5,13,55,12,2,2,6,8,2,2,0,1,1,10,5,5,0,0,0,0,0,5,13,55,12,6,0,2,1,5,2,2,2,9,160.4076611
2.02E+11,1.00E+00,2,77,641,77,2,10,1,1,0,0,1,0,0,2,2018,2,20,0,40,2,0,0,8,3,3,0,4,3,4,11,4,0,0,0,0,0,2,20,0,40,0,0,3,3,4,0,0,2,9,234.8832349
2.02E+11,1.00E+00,2,77,641,77,2,9,2,2,0,0,3,0,0,2,2018,3,8,46,12,2,0,6,8,2,98,0,1,1,10,0,10,0,0,0,0,0,3,8,46,12,6,0,2,1,10,0,0,2,9,167.0600857
2.02E+11,1.00E+00,2,77,650,77,2,10,2,1,1,0,1,1,0,2,2018,1,5,17,45,2,0,0,0,1,1,2,4,2,4,11,4,0,0,0,0,0,1,5,17,45,0,0,1,2,4,0,0,2,9,234.8832349
2.02E+11,1.00E+00,2,77,650,77,2,8,1,1,0,0,1,0,1,2,2018,5,5,9,11,9,1,0,0,1,1,0,1,8,98,0,98,0,0,0,0,0,5,5,9,11,0,0,1,2,1,1,1,2,9,160.407661
2.02E+11,1.00E+00,2,77,652,77,2,9,1,1,0,0,1,0,99,2,2018,3,6,1,11,9,9,0,0,1,1,0,1,8,98,0,98,0,0,0,0,0,3,6,1,11,0,0,1,2,10,3,1,2,9,167.0600857
2.02E+11,1.00E+00,2,77,687,77,2,8,2,2,0,0,2,0,1,2,2018,3,13,43,12,2,1,1,0,1,1,0,1,1,1,0,1,0,0,0,0,0,3,13,43,12,1,0,1,1,1,1,1,2,9,244.1231681
2.02E+11,1.00E+00,2,77,687,77,2,10,1,1,0,0,2,0,0,2,2018,5,16,45,30,2,0,0,0,1,1,0,4,1,10,0,10,0,0,0,0,0,5,16,45,30,0,0,1,1,10,0,0,2,9,239.5406201
2.02E+11,1.00E+00,4,68,299,68,1,9,2,2,0,0,3,0,0,2,2018,2,15,0,12,2,0,1,0,1,1,0,1,1,1,0,1,0,1,0,0,0,2,15,0,12,1,0,1,1,1,0,0,2,23,190.6981016
2.02E+11,1.00E+00,4,68,299,68,1,7,1,1,0,0,1,0,0,2,2018,5,21,10,43,9,0,0,0,1,1,0,4,2,1,0,1,0,1,0,0,0,5,21,10,43,0,0,1,2,1,0,0,2,23,146.0897337
2.02E+11,1.00E+00,4,68,299,68,1,10,1,1,0,0,3,0,0,2,2018,2,19,33,1,2,0,0,0,1,1,0,2,2,6,0,6,0,1,0,0,0,2,19,33,1,0,0,1,2,6,0,0,2,23,270.0868272
2.02E+11,1.00E+00,4,68,295,68,1,5,2,2,0,0,3,0,1,1,2018,6,3,0,12,1,3,1,0,1,1,0,1,2,1,0,1,0,1,0,0,0,6,3,0,12,1,0,1,2,1,3,1,1,23,30.66203671
2.02E+11,1.00E+00,4,68,295,68,1,10,1,1,0,0,1,0,0,2,2018,5,22,47,30,2,0,0,0,1,1,0,4,2,1,0,1,0,0,0,0,0,5,22,47,30,0,0,1,2,1,0,0,2,23,270.0868272
2.02E+11,1.00E+00,4,68,295,68,1,8,3,3,0,0,3,0,1,2,2018,2,14,50,12,2,1,1,0,1,1,0,1,1,1,0,1,0,1,0,0,0,2,14,50,12,1,0,1,1,1,1,1,2,23,177.6196413
2.02E+11,1.00E+00,4,10,318,10,1,6,2,2,0,0,3,0,1,2,2018,1,2,40,12,1,1,6,0,1,1,4,1,3,1,0,1,0,0,19,0,0,1,2,40,12,6,0,1,3,1,1,1,1,21,85.67492451
2.02E+11,1.00E+00,4,56,208,208,1,6,3,3,0,0,3,0,1,2,2018,2,14,30,12,2,1,1,0,1,1,0,1,1,1,0,1,0,1,0,0,0,2,14,30,12,1,0,1,1,1,1,1,2,20,76.42125785
2.02E+11,1.00E+00,4,56,211,211,1,6,2,2,0,0,2,0,1,2,2018,7,15,27,12,9,1,6,8,2,3,0,1,1,1,0,1,0,0,0,0,0,7,15,27,12,6,0,2,1,1,1,1,2,20,76.42125785
2.02E+11,1.00E+00,4,56,214,214,1,9,3,3,0,0,3,0,0,2,2018,5,11,20,12,2,0,1,0,1,1,4,1,1,1,0,1,0,1,0,0,0,5,11,20,12,1,0,1,1,1,0,0,2,20,187.1933079
2.02E+11,1.00E+00,4,56,214,214,1,6,3,3,0,0,3,0,1,2,2018,5,9,0,12,2,1,1,0,1,1,0,1,1,1,0,1,0,1,0,0,0,5,9,0,12,1,0,1,1,1,1,1,2,20,76.42125785
2.02E+11,1.00E+00,4,68,4055,68,1,2,1,1,0,1,1,1,1,2,2018,7,11,10,8,2,1,0,8,4,1,0,1,1,1,0,1,0,0,0,0,0,7,11,10,8,0,0,4,1,1,1,1,2,23,34.19537213
2.02E+11,1.00E+00,3,33,1484,33,1,9,2,2,0,0,2,0,0,1,2018,5,11,35,12,2,0,6,8,2,2,0,1,1,1,0,1,0,0,0,0,0,5,11,35,12,6,0,2,1,1,0,0,2,11,170.3510796
2.02E+11,1.00E+00,3,38,573,38,1,10,2,2,0,0,2,0,0,2,2018,2,17,45,12,2,0,1,8,3,3,0,1,5,1,0,1,0,0,0,0,0,2,17,45,12,1,0,3,5,1,0,0,2,14,239.7134985
2.02E+11,1.00E+00,3,33,1484,33,1,10,1,1,0,0,1,0,0,1,2018,5,17,0,24,2,0,0,1,5,1,0,4,1,1,0,1,0,1,0,0,0,5,17,0,24,0,1,5,1,1,0,0,2,11,239.5108657
2.02E+11,1.00E+00,2,25,2018,25,1,9,1,1,0,0,1,0,0,1,2018,2,10,13,59,2,0,0,0,1,1,0,4,1,4,0,4,0,1,0,0,0,2,10,13,59,0,0,1,1,4,0,0,2,8,166.8760737
2.02E+11,1.00E+00,2,67,1919,67,1,8,2,2,0,0,2,0,2,1,2018,4,16,52,12,2,2,2,0,1,1,0,1,1,4,0,4,0,0,0,0,0,4,16,52,12,2,0,1,1,4,2,2,2,8,157.3009051
2.02E+11,1.00E+00,3,62,567,62,2,8,2,2,0,0,4,0,2,2,2018,6,16,31,12,2,1,6,8,2,3,0,1,1,1,0,1,0,0,0,0,0,6,16,31,12,6,0,2,1,1,1,2,2,18,157.2876567
2.02E+11,1.00E+00,3,62,567,62,2,6,3,3,0,0,6,0,6,2,2018,6,15,53,12,2,2,1,8,3,98,0,1,1,1,0,1,0,0,0,0,0,6,15,53,12,1,0,3,1,1,2,6,2,18,66.98383253
2.02E+11,1.00E+00,2,25,2018,25,1,6,2,2,0,0,2,0,1,1,2018,2,11,15,12,2,2,6,0,1,1,0,1,1,4,0,4,0,0,0,0,0,2,11,15,12,6,0,1,1,4,2,1,2,8,66.66710035
2.02E+11,1.00E+00,2,25,2018,25,1,8,2,2,0,0,4,0,4,1,2018,2,16,28,12,2,2,6,8,2,2,0,1,1,2,0,2,0,0,0,0,0,2,16,28,12,6,0,2,1,2,2,4,2,8,156.6473085
2.02E+11,1.00E+00,3,33,1472,33,1,10,1,1,0,0,1,0,0,1,2018,5,22,55,42,2,0,0,0,1,1,0,3,3,1,0,1,0,0,0,0,0,5,22,55,42,0,0,1,3,1,0,0,2,11,239.5108656
2.02E+11,1.00E+00,3,17,1053,17,1,9,2,2,0,0,2,0,0,1,2018,5,9,29,12,2,0,1,0,2,98,0,1,1,2,0,2,0,0,0,0,0,5,9,29,12,1,0,2,1,2,0,0,2,15,171.5466983
2.02E+11,1.00E+00,3,17,1053,17,1,10,2,2,0,0,2,0,0,1,2018,5,11,28,12,2,0,1,0,1,1,0,1,1,2,0,2,0,0,0,0,0,5,11,28,12,1,0,1,1,2,0,0,2,15,238.546544
2.02E+11,1.00E+00,3,38,573,38,1,8,2,2,0,0,2,0,1,2,2018,4,8,15,12,2,1,1,0,1,1,0,1,3,2,0,2,0,0,0,0,0,4,8,15,12,1,0,1,3,2,1,1,2,14,159.5485496
2.02E+11,1.00E+00,3,38,573,38,1,9,2,2,0,0,2,0,0,2,2018,4,8,44,12,2,0,6,8,2,98,0,1,1,2,0,2,0,0,0,0,0,4,8,44,12,6,0,2,1,2,0,0,2,14,170.6493625
2.02E+11,1.00E+00,2,25,2018,25,1,10,1,1,0,0,2,0,0,1,2018,6,14,35,34,2,0,0,0,1,1,0,3,1,3,0,3,0,1,0,0,0,6,14,35,34,0,0,1,1,3,0,0,2,8,233.2764015
2.02E+11,1.00E+00,2,45,1283,45,2,10,2,2,0,0,2,0,0,1,2018,6,7,8,12,2,0,6,8,3,3,0,1,1,11,0,11,0,0,0,0,0,6,7,8,12,6,0,3,1,11,0,0,2,9,234.9863047
2.02E+11,1.00E+00,2,45,1283,45,2,9,2,2,0,0,2,0,0,1,2018,6,8,4,12,2,0,9,0,1,1,0,1,1,4,0,4,0,0,0,0,0,6,8,4,12,9,0,1,1,4,0,0,2,9,170.9728193
2.02E+11,1.00E+00,2,45,1283,45,2,8,3,3,0,0,7,0,1,1,2018,6,16,9,12,2,1,6,8,2,3,0,1,1,1,0,1,0,0,28,0,0,6,16,9,12,6,0,2,1,1,1,1,2,9,158.2852835
2.02E+11,1.00E+00,2,45,1283,45,2,7,2,2,0,0,5,0,0,1,2018,6,18,0,12,2,0,1,8,3,3,0,1,3,1,0,1,0,0,19,0,0,6,18,0,12,1,0,3,3,1,0,0,2,9,142.0095779
2.02E+11,1.00E+00,2,67,1919,67,1,7,1,1,0,0,1,0,0,1,2018,5,0,12,30,2,0,0,0,1,1,0,4,3,1,0,1,0,0,0,0,0,5,0,12,30,0,0,1,3,1,0,0,2,8,131.6995163
2.02E+11,1.00E+00,3,62,542,62,2,10,1,1,0,0,1,0,0,2,2018,3,5,59,11,2,0,0,0,1,1,0,1,2,1,0,1,0,0,0,0,0,3,5,59,11,0,0,1,2,1,0,0,2,18,233.2197688
2.02E+11,1.00E+00,3,62,542,62,2,8,1,1,0,0,1,0,1,2,2018,4,20,30,30,1,1,0,0,1,1,0,4,2,10,0,10,0,0,0,0,0,4,20,30,30,0,0,1,2,10,1,1,1,18,157.2876567
2.02E+11,1.00E+00,2,45,1283,45,2,10,2,2,0,0,3,0,0,1,2018,3,10,23,24,2,0,0,0,1,1,0,4,1,1,0,1,0,0,0,0,0,3,10,23,24,0,0,1,1,1,0,0,2,9,234.9863047
2.02E+11,1.00E+00,3,62,565,62,2,8,4,4,0,0,4,0,2,2,2018,6,16,45,12,2,2,1,8,3,2,0,1,1,1,0,1,0,0,0,0,0,6,16,45,12,1,0,3,1,1,2,2,2,18,157.2876567
2.02E+11,1.00E+00,3,62,565,62,2,4,1,1,0,0,1,0,1,2,2018,7,12,45,11,2,3,0,0,1,1,0,1,1,10,0,10,0,0,0,0,0,7,12,45,11,0,0,1,1,10,3,1,2,18,19.92979799
2.02E+11,1.00E+00,3,62,565,62,2,5,2,2,0,0,2,0,1,2,2018,2,8,17,12,1,3,1,0,1,1,0,1,1,10,0,10,0,0,20,0,0,2,8,17,12,1,0,1,1,10,3,1,1,18,27.35125562
2.02E+11,1.00E+00,2,47,2035,47,2,9,1,1,0,0,1,0,0,1,2018,4,19,7,11,2,0,0,0,1,1,0,1,2,4,0,4,0,0,0,0,0,4,19,7,11,0,0,1,2,4,0,0,2,9,168.7796537
2.02E+11,1.00E+00,3,55,1056,55,2,9,2,2,0,0,3,0,0,2,2018,3,22,19,12,2,0,1,0,1,1,0,1,2,10,0,10,0,0,0,0,0,3,22,19,12,1,0,1,2,10,0,0,2,17,169.9621309
2.02E+11,1.00E+00,3,55,1056,55,2,7,1,1,0,0,1,0,0,2,2018,3,13,20,34,2,0,0,0,1,1,0,4,1,10,0,10,0,0,0,0,0,3,13,20,34,0,0,1,1,10,0,0,2,17,130.5725127
2.02E+11,1.00E+00,3,55,1069,55,2,8,2,2,0,0,2,0,1,2,2018,6,8,31,12,2,1,8,0,8,1,0,1,1,1,0,1,0,0,0,0,0,6,8,31,12,8,0,8,1,1,1,1,2,17,154.6972419
2.02E+11,1.00E+00,3,55,1056,55,2,10,1,1,0,0,1,0,0,2,2018,7,20,20,59,2,0,0,0,1,1,0,4,2,1,0,1,0,0,0,0,0,7,20,20,59,0,0,1,2,1,0,0,2,17,240.7697066
2.02E+11,1.00E+00,3,55,1056,55,2,7,2,2,0,0,3,0,0,2,2018,7,13,3,12,2,0,1,0,8,1,0,1,1,2,0,2,0,0,0,0,0,7,13,3,12,1,0,8,1,2,0,0,2,17,130.5725127
2.02E+11,1.00E+00,3,55,1069,55,2,6,2,2,0,0,2,0,1,2,2018,5,9,8,12,2,2,1,0,3,2,0,1,1,10,0,10,0,0,0,0,0,5,9,8,12,1,0,3,1,10,2,1,2,17,65.24343019
2.02E+11,1.00E+00,4,41,160,41,1,8,2,2,0,0,4,0,2,1,2018,2,7,2,12,2,1,1,8,98,1,0,1,4,1,0,1,0,0,0,0,0,2,7,2,12,1,0,1,4,1,1,2,2,22,172.3259229
2.02E+11,1.00E+00,4,41,160,41,1,6,2,2,0,0,3,0,1,1,2018,3,10,49,12,2,2,1,8,5,1,0,1,1,1,0,1,0,1,0,0,0,3,10,49,12,1,0,5,1,1,2,1,2,22,72.54516698
2.02E+11,1.00E+00,2,77,640,77,2,2,1,1,0,1,1,1,1,2,2018,3,15,34,8,2,2,0,8,3,3,0,1,1,2,0,2,0,0,0,0,0,3,15,34,8,0,0,3,1,2,2,1,2,9,37.79959768
2.02E+11,1.00E+00,2,77,641,77,2,8,2,1,1,0,1,0,1,2,2018,6,14,4,14,2,1,0,8,3,3,0,7,1,1,0,1,0,0,0,0,0,6,14,4,14,0,0,3,1,1,1,1,2,9,160.4076611
2.02E+11,1.00E+00,2,77,641,77,2,10,2,2,0,0,3,0,0,2,2018,7,15,40,12,2,0,1,8,3,3,0,1,1,1,0,1,0,0,0,0,0,7,15,40,12,1,0,3,1,1,0,0,2,9,234.8832349
2.02E+11,1.00E+00,2,77,650,77,2,8,1,1,0,0,1,0,1,2,2018,7,7,2,59,1,1,0,0,1,1,0,4,4,10,0,10,0,0,0,0,0,7,7,2,59,0,0,1,4,10,1,1,1,9,160.407661