CASENUM,SURVIVED,REGION,PSU,PJ,PSU_VAR,URBANICITY,STRATUM,VE_TOTAL,VE_FORMS,PVH_INVL,PEDS,PERMVIT,PERNOTMVIT,NUM_INJ,MONTH,YEAR,DAY_WEEK,HOUR,MINUTE,HARM_EV,ALCOHOL,MAX_SEV,MAN_COLL,RELJCT1,RELJCT2,TYP_INT,WRK_ZONE,REL_ROAD,LGT_COND,WEATHER1,WEATHER2,WEATHER,SCH_BUS,INT_HWY,CF1,CF2,CF3,WKDY_IM,HOUR_IM,MINUTE_IM,EVENT1_IM,MANCOL_IM,RELJCT1_IM,RELJCT2_IM,LGTCON_IM,WEATHR_IM,MAXSEV_IM,NO_INJ_IM,ALCHL_IM,PSUSTRAT,WEIGHT
2.02E+11,1.00E+00,4,56,209,209,1,6,2,2,0,0,3,0,2,2,2018,4,12,2,12,2,2,6,8,2,2,0,1,1,10,0,10,0,0,0,0,0,4,12,2,12,6,0,2,1,10,2,2,2,20,76.42125784
2.02E+11,1.00E+00,4,68,4055,68,1,5,3,3,0,0,5,0,3,2,2018,6,6,34,12,2,3,1,0,1,1,0,1,4,1,0,1,0,1,0,0,0,6,6,34,12,1,0,1,4,1,3,3,2,23,30.66203671
2.02E+11,1.00E+00,3,48,91,48,1,9,2,2,0,0,3,0,0,2,2018,5,13,50,12,2,0,1,0,3,3,0,1,1,1,0,1,0,0,0,0,0,5,13,50,12,1,0,3,1,1,0,0,2,12,170.6546305
2.02E+11,1.00E+00,3,48,85,48,1,8,2,1,1,0,1,0,1,2,2018,5,16,20,53,2,2,0,0,1,1,0,4,1,1,0,1,0,0,0,0,0,5,16,20,53,0,0,1,1,1,2,1,2,12,159.3496284
2.02E+11,1.00E+00,3,48,91,48,1,3,1,1,0,0,2,0,2,2,2018,6,8,15,1,2,2,0,0,1,1,0,1,1,1,0,1,0,0,0,0,0,6,8,15,1,0,0,1,1,1,2,2,2,12,27.7637958
2.02E+11,1.00E+00,3,48,85,48,1,5,1,1,0,0,1,0,1,2,2018,6,5,0,11,2,3,0,0,1,1,0,1,3,1,0,1,0,0,0,0,0,6,5,0,11,0,0,1,3,1,3,1,2,12,27.53492416
2.02E+11,1.00E+00,3,48,87,48,1,5,2,2,0,0,5,0,2,2,2018,1,10,59,12,2,3,6,0,2,3,0,1,1,1,0,1,0,0,0,0,0,1,10,59,12,6,0,2,1,1,3,2,2,12,27.53492416
2.02E+11,1.00E+00,3,48,87,48,1,10,2,2,0,0,2,0,0,2,2018,1,21,30,12,2,0,6,0,2,2,0,1,5,1,0,1,0,0,0,0,0,1,21,30,12,6,0,2,5,1,0,0,2,12,238.9782539
2.02E+11,1.00E+00,3,48,87,48,1,6,2,2,0,0,2,0,1,2,2018,1,15,47,12,2,1,6,0,8,1,0,1,1,1,0,1,0,0,0,0,0,1,15,47,12,6,0,8,1,1,1,1,2,12,68.38656772
2.02E+11,1.00E+00,3,48,87,48,1,9,2,2,0,0,4,0,0,2,2018,2,18,30,12,2,0,6,0,3,2,0,1,3,1,0,1,0,0,0,0,0,2,18,30,12,6,0,3,3,1,0,0,2,12,170.6546305
2.02E+11,1.00E+00,3,48,87,48,1,10,2,2,0,0,2,0,0,2,2018,4,7,31,12,2,0,1,0,1,1,0,1,1,10,0,10,0,1,0,0,0,4,7,31,12,1,0,1,1,10,0,0,2,12,238.9782539
2.02E+11,1.00E+00,3,48,87,48,1,9,2,2,0,0,3,0,0,2,2018,4,13,15,12,2,0,1,0,1,1,0,1,1,10,0,10,0,0,0,0,0,4,13,15,12,1,0,1,1,10,0,0,2,12,170.6546305
2.02E+11,1.00E+00,3,48,87,48,1,10,3,3,0,0,4,0,0,2,2018,4,14,32,12,2,0,6,0,3,3,0,1,1,1,0,1,0,0,20,0,0,4,14,32,12,6,0,3,1,1,0,0,2,12,238.9782539
2.02E+11,1.00E+00,3,48,87,48,1,8,2,2,0,0,2,0,1,2,2018,5,12,14,12,2,1,6,0,2,3,0,1,1,2,0,2,0,0,0,0,0,5,12,14,12,6,0,2,1,2,1,1,2,12,159.3496284
2.02E+11,1.00E+00,3,48,87,48,1,9,2,2,0,0,2,0,0,2,2018,5,16,47,12,2,0,1,0,3,2,0,1,5,1,0,1,0,0,0,0,0,5,16,47,12,1,0,3,5,1,0,0,2,12,170.6546305
2.02E+11,1.00E+00,3,48,87,48,1,10,3,3,0,0,3,0,0,2,2018,6,8,15,12,2,0,1,0,3,98,0,1,1,1,0,1,0,0,0,0,0,6,8,15,12,1,0,3,1,1,0,0,2,12,238.9782539
2.02E+11,1.00E+00,3,48,87,48,1,6,3,3,0,0,4,0,3,2,2018,6,12,14,12,2,1,6,0,8,1,0,1,1,1,0,1,0,0,0,0,0,6,12,14,12,6,0,8,1,1,1,3,2,12,68.38656772
2.02E+11,1.00E+00,3,48,87,48,1,9,2,2,0,0,3,0,0,2,2018,7,13,1,12,2,0,1,0,3,98,0,1,1,1,0,1,0,0,0,0,0,7,13,1,12,1,0,3,1,1,0,0,2,12,170.6546305
2.02E+11,1.00E+00,3,48,87,48,1,10,2,2,0,0,2,0,0,2,2018,1,13,52,12,2,0,1,0,3,2,0,1,1,10,0,10,0,0,0,0,0,1,13,52,12,1,0,3,1,10,0,0,2,12,238.9782539
2.02E+11,1.00E+00,3,48,90,48,1,10,2,2,0,0,2,0,0,2,2018,4,15,50,12,2,0,1,0,3,2,0,1,1,10,0,10,0,0,0,0,0,4,15,50,12,1,0,3,1,10,0,0,2,12,238.9782539
2.02E+11,1.00E+00,3,48,90,48,1,9,2,2,0,0,3,0,0,2,2018,5,11,30,12,2,0,1,0,1,1,0,1,1,10,0,10,0,0,0,0,0,5,11,30,12,1,0,1,1,10,0,0,2,12,170.6546305
2.02E+11,1.00E+00,3,70,138,70,2,10,1,1,0,0,1,0,99,2,2018,2,2,43,34,9,9,0,0,3,98,0,4,9,1,0,1,0,0,0,0,0,2,2,43,34,0,0,3,2,1,0,0,2,16,235.1971059
2.02E+11,1.00E+00,3,70,138,70,2,8,1,1,0,0,1,0,1,2,2018,2,7,15,59,2,1,0,1,98,1,0,4,1,1,0,1,0,0,0,0,0,2,7,15,59,0,1,5,1,1,1,1,2,16,159.4516257
2.02E+11,1.00E+00,3,70,138,70,2,9,2,2,0,0,2,0,0,2,2018,2,8,29,12,2,0,6,0,2,2,0,1,1,1,0,1,0,0,0,0,0,2,8,29,12,6,0,2,1,1,0,0,2,16,168.6017505
2.02E+11,1.00E+00,3,70,138,70,2,6,2,2,0,0,2,0,2,2,2018,2,12,0,12,2,1,6,0,2,3,0,1,1,1,0,1,0,0,0,0,0,2,12,0,12,6,0,2,1,1,1,2,2,16,67.78164858
2.02E+11,1.00E+00,3,70,46,70,2,8,1,1,0,0,1,0,1,2,2018,3,8,50,39,2,2,0,0,1,1,0,4,1,1,0,1,0,1,0,0,0,3,8,50,39,0,0,1,1,1,2,1,2,16,159.4516257
2.02E+11,1.00E+00,3,70,46,70,2,7,2,2,0,0,3,0,0,2,2018,3,21,30,12,2,0,1,0,1,1,1,1,3,10,0,10,0,1,3,0,0,3,21,30,12,1,0,1,3,10,0,0,2,16,132.1532895
2.02E+11,1.00E+00,3,70,138,70,2,10,2,2,0,0,2,0,0,2,2018,3,15,10,12,2,0,7,0,3,2,0,1,1,1,0,1,0,0,0,0,0,3,15,10,12,7,0,3,1,1,0,0,2,16,235.1971059
2.02E+11,1.00E+00,3,70,138,70,2,9,2,2,0,0,2,0,0,2,2018,3,7,47,12,2,0,1,0,3,2,0,1,1,1,0,1,0,0,0,0,0,3,7,47,12,1,0,3,1,1,0,0,2,16,168.6017505
2.02E+11,1.00E+00,3,70,138,70,2,9,2,2,0,0,3,0,0,2,2018,4,15,44,12,2,0,6,0,8,1,0,1,1,1,0,1,0,0,0,0,0,4,15,44,12,6,0,8,1,1,0,0,2,16,168.6017505
2.02E+11,1.00E+00,3,70,138,70,2,2,1,1,0,1,1,1,1,2,2018,4,21,0,8,9,3,0,0,3,2,0,1,3,1,0,1,0,0,0,0,0,4,21,0,8,0,0,3,3,1,3,1,2,16,30.23481592
2.02E+11,1.00E+00,3,70,138,70,2,6,3,3,0,0,4,0,1,2,2018,5,12,23,12,2,2,1,0,3,2,0,1,1,1,0,1,0,0,0,0,0,5,12,23,12,1,0,3,1,1,2,1,2,16,67.78164858
2.02E+11,1.00E+00,3,70,46,70,2,10,2,2,0,0,3,0,0,2,2018,5,21,50,12,2,0,1,1,20,1,0,1,2,1,0,1,0,1,0,0,0,5,21,50,12,1,1,20,2,1,0,0,2,16,235.1971059
2.02E+11,1.00E+00,3,70,138,70,2,10,2,2,0,0,5,0,0,2,2018,5,15,10,12,2,0,6,0,2,3,0,1,1,1,0,1,0,0,0,0,0,5,15,10,12,6,0,2,1,1,0,0,2,16,235.1971059
2.02E+11,1.00E+00,3,70,138,70,2,8,1,1,0,0,2,0,2,2,2018,6,19,54,19,2,2,0,0,3,2,0,5,2,1,0,1,0,0,20,0,0,6,19,54,19,0,0,3,2,1,2,2,2,16,159.4516257
2.02E+11,1.00E+00,3,70,138,70,2,9,2,2,0,0,3,0,0,2,2018,6,12,43,12,2,0,1,0,1,1,0,1,1,1,0,1,0,0,0,0,0,6,12,43,12,1,0,1,1,1,0,0,2,16,168.6017505
2.02E+11,1.00E+00,3,70,46,70,2,5,1,1,0,0,2,0,2,2,2018,6,7,40,34,2,3,0,0,1,1,0,4,1,10,0,10,0,0,0,0,0,6,7,40,34,0,0,1,1,10,3,2,2,16,27.29736065
2.02E+11,1.00E+00,3,70,138,70,2,10,2,2,0,0,2,0,0,2,2018,7,14,1,12,2,0,6,0,2,3,0,1,1,2,0,2,0,0,0,0,0,7,14,1,12,6,0,2,1,2,0,0,2,16,235.1971059
2.02E+11,1.00E+00,3,70,46,70,2,4,1,1,0,0,2,0,2,2,2018,7,10,0,34,2,3,0,0,1,1,0,4,1,2,0,2,0,0,0,0,0,7,10,0,34,0,0,1,1,2,3,2,2,16,26.9051544
2.02E+11,1.00E+00,3,70,138,70,2,9,2,2,0,0,2,0,0,2,2018,7,16,48,12,2,0,1,0,1,1,0,1,1,5,0,5,0,0,0,0,0,7,16,48,12,1,0,1,1,5,0,0,2,16,168.6017505
2.02E+11,1.00E+00,3,70,46,70,2,9,2,2,0,0,2,0,0,2,2018,7,21,15,54,9,0,11,0,1,1,0,1,2,10,0,10,0,1,14,0,0,7,21,15,54,11,0,1,2,10,0,0,2,16,168.6017505
2.02E+11,1.00E+00,3,70,138,70,2,6,2,2,0,0,5,0,1,2,2018,7,13,13,12,2,1,1,0,3,3,0,1,1,2,0,2,0,0,0,0,0,7,13,13,12,1,0,3,1,2,1,1,2,16,67.78164858
2.02E+11,1.00E+00,3,70,47,70,2,9,1,1,0,0,1,0,0,2,2018,1,10,45,38,2,0,0,0,1,1,0,5,1,2,0,2,0,0,0,0,0,1,10,45,38,0,0,1,1,2,0,0,2,16,168.6017505
2.02E+11,1.00E+00,3,70,123,70,2,6,2,2,0,0,2,0,1,2,2018,3,8,58,12,2,1,1,0,8,1,0,1,1,1,0,1,0,0,0,0,0,3,8,58,12,1,0,8,1,1,1,1,2,16,67.78164858
2.02E+11,1.00E+00,3,70,137,70,2,10,2,2,0,0,2,0,0,2,2018,4,16,45,12,2,0,1,0,3,3,0,1,1,1,0,1,0,0,0,0,0,4,16,45,12,1,0,3,1,1,0,0,2,16,235.1971059
2.02E+11,1.00E+00,3,70,137,70,2,9,2,2,0,0,2,0,0,2,2018,4,17,2,12,2,0,1,0,3,2,0,1,1,1,0,1,0,0,0,0,0,4,17,2,12,1,0,3,1,1,0,0,2,16,168.6017505
2.02E+11,1.00E+00,3,70,137,70,2,9,1,1,0,0,1,0,0,2,2018,1,0,40,24,1,0,0,0,1,1,0,4,3,1,0,1,0,0,0,0,0,1,0,40,24,0,0,1,3,1,0,0,1,16,168.6017505
2.02E+11,1.00E+00,3,30,3294,30,1,2,1,1,0,1,1,1,1,1,2018,7,19,47,8,9,4,0,8,3,2,0,1,2,1,0,1,0,0,0,0,0,7,19,47,8,0,0,3,2,1,4,1,2,14,32.60043018
2.02E+11,1.00E+00,3,30,3296,30,1,10,2,2,0,0,3,0,0,1,2018,5,16,50,12,2,0,6,8,2,2,0,1,1,1,0,1,0,0,0,0,0,5,16,50,12,6,0,2,1,1,0,0,2,14,242.8595266
2.02E+11,1.00E+00,3,30,3296,30,1,6,2,2,0,0,3,0,3,1,2018,3,14,32,12,2,2,6,8,3,2,0,1,1,1,0,1,0,0,0,0,0,3,14,32,12,6,0,3,1,1,2,3,2,14,68.0544077
2.02E+11,1.00E+00,3,30,3296,30,1,8,3,3,0,0,3,0,1,2,2018,5,8,50,12,2,1,1,1,18,1,0,1,1,10,0,10,0,0,0,0,0,5,8,50,12,1,1,18,1,10,1,1,2,14,165.4665436
2.02E+11,1.00E+00,3,33,1484,33,1,2,1,1,0,1,1,1,1,1,2018,3,5,46,8,9,2,0,0,1,1,0,1,3,1,0,1,0,0,0,0,0,3,5,46,8,0,0,1,3,1,2,1,2,11,29.91186338
2.02E+11,1.00E+00,3,33,1484,33,1,7,2,2,0,0,2,0,0,1,2018,3,6,46,12,9,0,7,0,1,1,0,1,2,10,0,10,0,1,0,0,0,3,6,46,12,7,0,1,2,10,0,0,2,11,136.9746958
2.02E+11,1.00E+00,2,67,1919,67,1,8,2,2,0,0,3,0,2,1,2018,1,2,2,12,2,2,6,8,2,2,0,1,3,2,0,2,0,0,0,0,0,1,2,2,12,6,0,2,3,2,2,2,2,8,157.3009051
2.02E+11,1.00E+00,3,33,1477,33,1,9,2,2,0,0,2,0,0,1,2018,3,8,40,12,2,0,1,0,1,1,0,1,1,2,0,2,0,0,0,0,0,3,8,40,12,1,0,1,1,2,0,0,2,11,170.3510796
2.02E+11,1.00E+00,3,33,1484,33,1,9,2,2,0,0,2,0,0,1,2018,3,9,7,12,2,0,1,0,1,1,0,1,1,1,0,1,0,0,0,0,0,3,9,7,12,1,0,1,1,1,0,0,2,11,170.3510796
2.02E+11,1.00E+00,3,33,1484,33,1,10,3,3,0,0,4,0,0,1,2018,3,11,29,12,2,0,1,8,3,2,0,1,1,1,0,1,0,0,0,0,0,3,11,29,12,1,0,3,1,1,0,0,2,11,239.5108657
2.02E+11,1.00E+00,3,33,1484,33,1,6,2,2,0,0,2,0,1,1,2018,3,14,30,12,2,1,6,8,2,2,0,1,1,1,0,1,0,0,0,0,0,3,14,30,12,6,0,2,1,1,1,1,2,11,68.22883242
2.02E+11,1.00E+00,3,17,1043,17,1,9,3,3,0,0,4,0,0,1,2018,6,6,2,12,2,0,1,0,2,98,0,1,3,10,0,10,0,0,0,0,0,6,6,2,12,1,0,2,3,10,0,0,2,15,171.5466983
2.02E+11,1.00E+00,3,17,1043,17,1,10,3,3,0,0,3,0,0,1,2018,6,15,24,12,2,0,1,0,1,1,0,1,1,1,0,1,0,1,0,0,0,6,15,24,12,1,0,1,1,1,0,0,2,15,238.546544
2.02E+11,1.00E+00,2,67,1919,67,1,6,2,2,0,0,4,0,1,1,2018,1,13,35,12,2,1,6,8,2,2,0,1,1,1,0,1,0,0,0,0,0,1,13,35,12,6,1,2,1,1,1,1,2,8,65.90088959
2.02E+11,1.00E+00,2,25,2087,25,1,6,2,2,0,0,3,0,1,1,2018,5,13,0,12,2,2,6,8,4,1,0,1,1,10,0,10,0,0,0,0,0,5,13,0,12,6,0,4,1,10,2,1,2,8,66.66710035
2.02E+11,1.00E+00,3,38,573,38,1,6,2,2,0,0,2,0,1,2,2018,1,18,31,12,2,1,6,8,2,2,0,1,2,2,0,2,0,0,0,0,0,1,18,31,12,6,1,2,2,2,1,1,2,14,68.14022452
2.02E+11,1.00E+00,2,67,1919,67,1,9,3,1,2,0,2,0,0,1,2018,1,21,40,14,2,0,0,0,1,1,0,7,3,1,0,1,0,0,0,0,0,1,21,40,14,0,0,1,3,1,0,0,2,8,166.3556539
2.02E+11,1.00E+00,1,81,3133,81,2,10,2,2,0,0,4,0,0,2,2018,1,10,42,24,2,0,0,8,3,3,0,6,1,4,0,4,0,0,0,0,0,1,10,42,24,0,0,3,1,4,0,0,2,4,237.8444686
2.02E+11,1.00E+00,1,81,3139,81,2,10,1,1,0,0,1,0,0,2,2018,1,3,45,42,1,0,0,8,3,3,0,4,3,1,0,1,0,0,0,0,0,1,3,45,42,0,0,3,3,1,0,0,1,4,237.8444686
2.02E+11,1.00E+00,2,25,2087,25,1,8,1,1,0,0,1,0,1,1,2018,6,15,20,39,2,1,0,0,1,1,0,4,1,3,0,3,0,1,0,0,0,6,15,20,39,0,0,1,1,3,1,1,2,8,156.6473085
2.02E+11,1.00E+00,3,33,1482,33,1,6,3,3,0,0,5,0,2,1,2018,4,9,27,12,2,1,6,0,8,1,0,1,1,1,0,1,0,0,0,0,0,4,9,27,12,6,0,8,1,1,1,2,2,11,68.22883242
2.02E+11,1.00E+00,2,25,2087,25,1,5,1,1,0,0,1,0,1,1,2018,6,17,18,23,2,4,0,0,1,1,0,4,5,3,0,3,0,1,0,0,0,6,17,18,23,0,0,1,5,3,4,1,2,8,26.11004198
2.02E+11,1.00E+00,2,25,2087,25,1,10,1,1,0,0,1,0,0,1,2018,6,19,56,34,2,0,0,0,1,1,0,4,2,4,0,4,0,0,0,0,0,6,19,56,34,0,0,1,2,4,0,0,2,8,233.2764015
2.02E+11,1.00E+00,2,47,2035,47,2,7,2,2,0,0,2,0,0,2,2018,2,1,35,12,2,0,1,0,1,1,0,1,2,1,0,1,0,0,0,0,0,2,1,35,12,1,0,1,2,1,0,0,2,9,133.2060962
2.02E+11,1.00E+00,3,65,2851,65,1,6,2,2,0,0,5,0,5,2,2018,3,21,10,12,2,2,1,0,3,3,0,1,3,2,0,2,0,0,0,0,0,3,21,10,12,1,0,3,3,2,2,5,2,13,68.24286331
2.02E+11,1.00E+00,2,47,2035,47,2,10,1,1,0,0,1,0,0,2,2018,3,7,0,11,2,0,0,0,1,1,0,1,4,1,0,1,0,0,0,0,0,3,7,0,11,0,0,1,4,1,0,0,2,9,235.031383
2.02E+11,1.00E+00,3,83,2810,83,1,9,3,2,1,0,3,0,0,1,2018,3,8,23,12,2,0,6,0,8,1,0,1,1,1,0,1,0,0,0,0,0,3,8,23,12,6,0,8,1,1,0,0,2,13,170.5424067
2.02E+11,1.00E+00,3,17,1053,17,1,9,2,2,0,0,2,0,0,1,2018,6,17,30,12,2,0,1,0,1,1,0,1,5,1,0,1,0,0,0,0,0,6,17,30,12,1,0,1,5,1,0,0,2,15,171.5466983
2.02E+11,1.00E+00,2,47,2035,47,2,5,2,2,0,0,2,0,1,2,2018,3,23,26,12,2,3,6,0,8,1,0,1,2,10,0,10,0,0,0,0,0,3,23,26,12,6,0,8,2,10,3,1,2,9,37.16770997
2.02E+11,1.00E+00,2,67,1919,67,1,7,2,2,0,0,2,0,0,1,2018,2,9,5,12,2,0,1,8,3,2,0,1,1,10,0,10,0,0,0,0,0,2,9,5,12,1,0,3,1,10,0,0,2,8,131.6995163
2.02E+11,1.00E+00,2,47,2035,47,2,8,2,2,0,0,2,0,1,2,2018,1,17,45,12,9,1,1,0,1,1,0,1,1,1,0,1,0,0,0,0,0,1,17,45,12,1,0,1,1,1,1,1,2,9,159.806671
2.02E+11,1.00E+00,3,83,2810,83,1,8,2,2,0,0,3,0,1,1,2018,3,14,8,12,2,2,7,0,1,1,0,1,1,1,0,1,0,0,0,0,0,3,14,8,12,7,0,1,1,1,2,1,2,13,163.0851708
2.02E+11,1.00E+00,2,47,2035,47,2,10,1,1,0,0,1,0,0,2,2018,2,8,6,30,1,0,0,0,1,1,0,4,1,2,0,2,0,0,0,0,0,2,8,6,30,0,0,1,1,2,0,0,1,9,235.031383
2.02E+11,1.00E+00,3,65,2851,65,1,2,1,1,0,1,2,1,1,2,2018,4,18,2,8,2,3,0,0,3,2,0,1,5,1,0,1,0,0,0,0,0,4,18,2,8,0,0,3,5,1,3,1,2,13,31.23078061
2.02E+11,1.00E+00,3,33,1482,33,1,10,1,1,0,0,1,0,0,1,2018,4,21,44,11,2,0,0,0,1,1,0,1,2,1,0,1,0,0,0,0,0,4,21,44,11,0,0,1,2,1,0,0,2,11,239.5108657
2.02E+11,1.00E+00,3,83,2810,83,1,10,2,2,0,0,3,0,0,1,2018,3,16,10,12,2,0,6,0,2,3,0,1,1,2,0,2,0,0,0,0,0,3,16,10,12,6,0,2,1,2,0,0,2,13,239.7806842
2.02E+11,1.00E+00,3,33,1484,33,1,10,2,2,0,0,2,0,0,1,2018,5,9,1,12,2,0,1,0,1,1,0,1,1,1,0,1,0,0,0,0,0,5,9,1,12,1,0,1,1,1,0,0,2,11,239.5108657
2.02E+11,1.00E+00,2,47,2034,47,2,7,2,2,0,0,3,0,0,1,2018,2,9,44,12,9,0,7,0,3,2,0,1,1,10,0,10,0,0,0,0,0,2,9,44,12,7,0,3,1,10,0,0,2,9,133.2060962
2.02E+11,1.00E+00,3,65,2851,65,1,7,4,4,0,0,5,0,2,2,2018,4,6,32,12,2,2,1,0,1,1,0,1,3,10,0,10,0,1,0,0,0,4,6,32,12,1,0,1,3,10,2,2,2,13,139.0970865
2.02E+11,1.00E+00,3,33,1484,33,1,9,2,2,0,0,2,0,0,1,2018,5,9,47,12,2,0,1,1,5,1,0,1,1,1,0,1,0,1,0,0,0,5,9,47,12,1,1,5,1,1,0,0,2,11,170.3510796
2.02E+11,1.00E+00,2,67,1919,67,1,10,2,2,0,0,3,0,0,1,2018,2,15,46,12,2,0,6,8,2,2,0,1,1,4,0,4,0,0,0,0,0,2,15,46,12,6,0,2,1,4,0,0,2,8,233.9772104
2.02E+11,1.00E+00,2,47,2034,47,2,9,2,2,0,0,3,0,0,1,2018,3,10,45,12,2,0,6,0,2,2,0,1,1,10,0,10,0,0,0,0,0,3,10,45,12,6,0,2,1,10,0,0,2,9,168.7796537
2.02E+11,1.00E+00,3,62,543,62,2,9,2,2,0,0,3,0,0,2,2018,5,11,11,12,2,0,6,8,2,2,0,1,1,10,0,10,0,0,0,0,0,5,11,11,12,6,0,2,1,10,0,0,2,18,168.3928504
2.02E+11,1.00E+00,2,25,2087,25,1,10,1,1,0,0,1,0,0,1,2018,3,6,40,35,2,0,0,0,1,1,0,4,2,4,0,4,0,0,0,0,0,3,6,40,35,0,0,1,2,4,0,0,2,8,233.2764015
2.02E+11,1.00E+00,4,10,329,10,1,8,2,2,0,0,5,0,2,2,2018,7,19,24,12,2,1,1,8,8,1,0,1,3,1,0,1,0,0,0,0,0,7,19,24,12,1,0,8,3,1,1,2,2,21,194.752069
2.02E+11,1.00E+00,2,47,2034,47,2,8,3,3,0,0,4,0,1,1,2018,6,12,12,12,2,2,1,0,3,3,0,1,1,1,0,1,0,0,0,0,0,6,12,12,12,1,0,3,1,1,2,1,2,9,159.806671
2.02E+11,1.00E+00,2,47,2034,47,2,6,2,2,0,0,3,0,1,1,2018,6,17,17,12,2,2,6,0,2,2,0,1,1,1,0,1,0,0,0,0,0,6,17,17,12,6,0,2,1,1,2,1,2,9,66.39871229
2.02E+11,1.00E+00,2,47,2034,47,2,10,2,2,0,0,4,0,0,1,2018,7,18,40,12,2,0,6,0,2,2,0,1,3,1,0,1,0,0,0,0,0,7,18,40,12,6,0,2,3,1,0,0,2,9,235.031383
2.02E+11,1.00E+00,3,62,543,62,2,8,1,1,0,0,2,0,1,2,2018,6,9,55,30,2,2,0,8,3,2,0,4,1,1,0,1,0,0,0,0,0,6,9,55,30,0,0,3,1,1,2,1,2,18,157.2876567
2.02E+11,1.00E+00,4,46,336,46,1,10,2,2,0,0,2,0,0,1,2018,7,16,54,12,2,0,1,8,3,98,0,1,5,98,0,98,0,0,0,0,0,7,16,54,12,1,0,3,5,1,0,0,2,22,256.8505913
2.02E+11,1.00E+00,4,46,336,46,1,9,2,2,0,0,2,0,0,1,2018,4,16,44,12,2,0,1,8,2,98,0,1,1,98,0,98,0,0,0,0,0,4,16,44,12,1,0,2,1,1,0,0,2,22,182.8007465
2.02E+11,1.00E+00,4,46,336,46,1,8,3,2,1,0,3,1,1,1,2018,1,12,11,45,2,1,0,8,2,2,2,1,1,2,0,2,0,0,0,0,0,1,12,11,45,0,0,2,1,2,1,1,2,22,171.4894346
2.02E+11,1.00E+00,4,46,336,46,1,6,3,3,0,0,5,0,3,1,2018,3,17,54,12,2,1,1,8,3,98,0,1,3,98,0,98,0,0,0,0,0,3,17,54,12,1,0,3,3,1,1,3,2,22,73.46809615
2.02E+11,1.00E+00,4,46,336,46,1,5,3,3,0,0,4,0,1,1,2018,1,13,20,12,2,3,1,0,1,1,0,1,1,98,0,98,0,0,0,0,0,1,13,20,12,1,0,1,1,2,3,1,2,22,29.83390165
2.02E+11,1.00E+00,4,46,336,46,1,2,1,1,0,1,1,1,1,1,2018,2,17,30,8,2,3,0,8,3,2,0,1,5,98,0,98,0,0,0,0,0,2,17,30,8,0,0,3,5,1,3,1,2,22,32.83923113
2.02E+11,1.00E+00,3,83,2810,83,1,5,2,2,0,0,3,0,3,1,2018,4,9,25,12,9,4,6,0,1,1,0,1,1,1,0,1,0,0,0,0,0,4,9,25,12,6,0,1,1,1,4,3,2,13,28.8410478
2.02E+11,1.00E+00,3,17,1053,17,1,6,2,2,0,0,2,0,1,1,2018,7,11,38,12,2,1,6,0,8,1,0,1,1,1,0,1,0,0,0,0,0,7,11,38,12,6,0,8,1,1,1,1,2,15,68.03654189
2.02E+11,1.00E+00,3,38,573,38,1,10,2,2,0,0,2,0,0,2,2018,2,19,0,12,2,0,7,8,3,2,0,1,3,1,0,1,0,0,0,0,0,2,19,0,12,7,0,3,3,1,0,0,2,14,239.7134985
2.02E+11,1.00E+00,3,62,543,62,2,10,2,2,0,0,4,0,0,2,2018,7,9,34,12,2,0,6,0,8,1,0,1,1,2,0,2,0,0,0,0,0,7,9,34,12,6,0,8,1,2,0,0,2,18,233.2197686
2.02E+11,1.00E+00,2,47,1835,47,2,10,1,1,0,0,1,0,0,1,2018,6,16,40,24,2,0,0,0,1,1,0,4,1,4,0,4,0,0,0,0,0,6,16,40,24,0,0,1,1,4,0,0,2,9,235.0313829
2.02E+11,1.00E+00,2,47,1835,47,2,7,1,1,0,0,2,0,0,1,2018,6,20,0,24,2,0,0,0,1,1,0,4,2,4,0,4,0,0,0,0,0,6,20,0,24,0,0,1,2,4,0,0,2,9,133.2060962
2.02E+11,1.00E+00,3,83,2810,83,1,9,2,2,0,0,3,0,0,1,2018,4,15,45,12,9,0,7,8,98,1,0,1,1,1,0,1,0,0,0,0,0,4,15,45,12,7,0,1,1,1,0,0,2,13,170.5424067
2.02E+11,1.00E+00,2,25,2087,25,1,9,2,2,0,0,2,0,0,1,2018,3,11,45,12,2,0,1,0,1,1,4,1,1,1,0,1,0,0,3,0,0,3,11,45,12,1,0,1,1,1,0,0,2,8,166.8760737
2.02E+11,1.00E+00,3,83,2810,83,1,7,2,2,0,0,3,0,0,1,2018,4,15,54,12,2,0,8,0,3,2,0,1,1,1,0,1,0,0,0,0,0,4,15,54,12,8,0,3,1,1,0,0,2,13,133.7891231
2.02E+11,1.00E+00,2,47,1835,47,2,9,1,1,0,0,1,0,0,1,2018,4,7,0,18,2,0,0,0,1,1,0,1,3,10,0,10,0,0,0,0,0,4,7,0,18,0,0,1,3,10,0,0,2,9,168.7796537