CASENUM,SURVIVED,REGION,PSU,PJ,PSU_VAR,URBANICITY,STRATUM,VE_TOTAL,VE_FORMS,PVH_INVL,PEDS,PERMVIT,PERNOTMVIT,NUM_INJ,MONTH,YEAR,DAY_WEEK,HOUR,MINUTE,HARM_EV,ALCOHOL,MAX_SEV,MAN_COLL,RELJCT1,RELJCT2,TYP_INT,WRK_ZONE,REL_ROAD,LGT_COND,WEATHER1,WEATHER2,WEATHER,SCH_BUS,INT_HWY,CF1,CF2,CF3,WKDY_IM,HOUR_IM,MINUTE_IM,EVENT1_IM,MANCOL_IM,RELJCT1_IM,RELJCT2_IM,LGTCON_IM,WEATHR_IM,MAXSEV_IM,NO_INJ_IM,ALCHL_IM,PSUSTRAT,WEIGHT
2.02E+11,1.00E+00,2,25,2091,25,1,10,1,1,0,0,1,0,0,1,2018,2,19,9,30,2,0,0,0,1,1,0,4,2,10,0,10,0,0,0,0,0,2,19,9,30,0,0,1,2,10,0,0,2,8,233.2764015
2.02E+11,1.00E+00,3,65,2855,65,1,6,2,2,0,0,2,0,1,2,2018,6,10,50,12,2,1,1,0,3,98,0,1,1,1,0,1,0,0,0,0,0,6,10,50,12,1,0,3,1,1,1,1,2,13,68.24286332
2.02E+11,1.00E+00,4,46,337,46,1,9,2,2,0,0,2,0,0,1,2018,4,17,41,12,2,0,1,0,1,1,0,1,5,98,0,98,0,0,0,0,0,4,17,41,12,1,0,1,5,1,0,0,2,22,182.8007464
2.02E+11,1.00E+00,3,54,515,54,1,9,2,2,0,0,4,0,0,1,2018,2,14,57,12,2,0,1,0,1,1,0,1,8,98,0,98,0,1,0,0,0,2,14,57,12,1,0,1,1,2,0,0,2,14,170.6048825
2.02E+11,1.00E+00,3,65,2855,65,1,9,2,2,0,0,2,0,0,2,2018,6,15,37,12,2,0,6,0,3,98,0,1,1,1,0,1,0,0,0,0,0,6,15,37,12,6,0,3,1,1,0,0,2,13,167.7678595
2.02E+11,1.00E+00,3,51,1080,51,1,9,2,2,0,0,5,0,0,2,2018,2,16,20,12,2,0,6,8,2,2,0,1,1,1,0,1,0,1,0,0,0,2,16,20,12,6,0,2,1,1,0,0,2,10,170.9125413
2.02E+11,1.00E+00,3,51,1080,51,1,6,2,2,0,0,2,0,1,2,2018,2,12,32,12,2,1,1,8,3,98,0,1,1,1,0,1,0,0,0,0,0,2,12,32,12,1,0,3,1,1,1,1,2,10,67.85786884
2.02E+11,1.00E+00,3,51,1078,51,1,10,2,2,0,0,2,0,0,2,2018,2,9,49,12,2,0,1,0,7,1,0,1,1,1,0,1,0,0,0,0,0,2,9,49,12,1,0,7,1,1,0,0,2,10,239.8061849
2.02E+11,1.00E+00,3,51,1098,51,1,10,2,1,1,0,1,0,0,2,2018,2,0,29,14,2,0,0,0,1,1,0,7,2,1,0,1,0,0,0,0,0,2,0,29,14,0,0,1,2,1,0,0,2,10,239.8061849
2.02E+11,1.00E+00,3,51,1098,51,1,9,2,2,0,0,2,0,0,2,2018,7,21,12,12,2,0,1,0,3,2,0,1,3,1,0,1,0,0,0,0,0,7,21,12,12,1,0,3,3,1,0,0,2,10,170.9125413
2.02E+11,1.00E+00,3,51,1098,51,1,4,2,2,0,0,2,0,1,2,2018,7,5,34,12,2,3,1,0,1,1,0,1,3,1,0,1,0,1,0,0,0,7,5,34,12,1,0,1,3,1,3,1,2,10,14.06793925
2.02E+11,1.00E+00,2,25,2091,25,1,8,1,1,0,0,1,0,1,1,2018,3,8,15,34,2,2,0,0,1,1,0,4,1,10,0,10,0,0,0,0,0,3,8,15,34,0,0,1,1,10,2,1,2,8,156.6473085
2.02E+11,1.00E+00,3,38,568,38,1,10,2,2,0,0,2,0,0,2,2018,5,7,25,12,2,0,6,8,2,3,0,1,1,10,0,10,0,0,0,0,0,5,7,25,12,6,0,2,1,10,0,0,2,14,239.7134984
2.02E+11,1.00E+00,4,46,337,46,1,2,1,1,0,1,1,1,1,1,2018,6,15,21,9,2,2,0,8,8,1,0,1,1,98,0,98,0,0,0,0,0,6,15,21,9,0,0,8,1,1,2,1,2,22,32.83923112
2.02E+11,1.00E+00,2,47,2035,47,2,6,2,2,0,0,2,0,1,1,2018,5,13,35,12,2,1,1,0,3,2,0,1,1,2,0,2,0,0,0,0,0,5,13,35,12,1,0,3,1,2,1,1,2,9,66.39871229
2.02E+11,1.00E+00,4,46,337,46,1,5,2,2,0,0,2,0,2,1,2018,6,16,36,12,2,3,2,8,2,2,0,1,1,98,0,98,0,0,0,0,0,6,16,36,12,2,0,2,1,1,3,2,2,22,29.83390164
2.02E+11,1.00E+00,2,25,2091,25,1,9,2,2,0,0,2,0,0,1,2018,3,14,26,12,2,0,1,8,3,2,0,1,1,1,0,1,0,0,0,0,0,3,14,26,12,1,0,3,1,1,0,0,2,8,166.8760737
2.02E+11,1.00E+00,3,65,2855,65,1,7,2,2,0,0,2,0,0,2,2018,2,12,3,12,2,0,8,0,3,2,0,1,1,10,0,10,0,0,0,0,0,2,12,3,12,8,0,3,1,10,0,0,2,13,139.0970865
2.02E+11,1.00E+00,4,46,337,46,1,5,2,2,0,0,3,0,3,1,2018,7,19,17,12,2,3,6,8,2,2,0,1,3,98,0,98,0,0,0,0,0,7,19,17,12,6,0,2,3,1,3,3,2,22,29.83390164
2.02E+11,1.00E+00,4,46,337,46,1,10,2,2,0,0,4,0,0,1,2018,1,14,26,12,2,0,8,0,1,1,0,1,1,98,0,98,0,0,0,0,0,1,14,26,12,8,0,1,1,1,0,0,2,22,256.8505911
2.02E+11,1.00E+00,4,60,232,60,1,8,2,2,0,0,3,0,2,1,2018,6,9,18,12,2,3,6,8,2,2,0,1,1,1,0,1,0,0,0,0,0,6,9,18,12,6,0,2,1,1,3,2,2,21,194.6621746
2.02E+11,1.00E+00,2,25,2091,25,1,6,1,1,0,0,1,0,1,1,2018,3,23,31,34,2,2,0,0,1,1,0,4,2,4,0,4,0,0,0,0,0,3,23,31,34,0,0,1,2,4,2,1,2,8,67.43645723
2.02E+11,1.00E+00,4,46,337,46,1,8,2,2,0,0,4,0,2,1,2018,2,12,5,12,2,1,2,8,2,2,0,1,1,98,0,98,0,0,0,0,0,2,12,5,12,2,0,2,1,1,1,2,2,22,171.4894346
2.02E+11,1.00E+00,2,47,2035,47,2,8,2,2,0,0,3,0,2,1,2018,5,15,8,12,2,1,6,0,2,2,0,1,1,1,0,1,0,0,0,0,0,5,15,8,12,6,0,2,1,1,1,2,2,9,159.806671
2.02E+11,1.00E+00,4,46,337,46,1,6,2,2,0,0,2,0,2,1,2018,3,13,2,12,2,1,6,8,2,2,0,1,1,98,0,98,0,0,0,0,0,3,13,2,12,6,0,2,1,1,1,2,2,22,73.46809614
2.02E+11,1.00E+00,2,25,2091,25,1,10,1,1,0,0,1,0,0,1,2018,4,7,55,11,2,0,0,0,1,1,0,1,1,10,0,10,0,0,0,0,0,4,7,55,11,0,0,1,1,10,0,0,2,8,233.2764015
2.02E+11,1.00E+00,2,45,1319,45,2,7,2,2,0,0,3,0,0,1,2018,4,7,0,12,2,0,1,8,3,3,0,1,4,1,0,1,0,0,0,0,0,4,7,0,12,1,0,3,4,1,0,0,2,9,252.5438742
2.02E+11,1.00E+00,4,49,268,49,1,2,1,1,0,1,1,1,1,2,2018,2,13,47,18,2,1,0,8,3,2,0,1,1,1,0,1,0,0,15,0,0,2,13,47,18,0,0,3,1,1,1,1,2,21,37.40243427
2.02E+11,1.00E+00,4,49,268,49,1,6,2,2,0,0,3,0,2,2,2018,2,10,23,12,2,1,6,8,2,2,0,1,1,1,0,1,0,0,0,0,0,2,10,23,12,6,0,2,1,1,1,2,2,21,83.84834564
2.02E+11,1.00E+00,3,65,2855,65,1,4,2,2,0,0,10,0,1,2,2018,5,16,18,12,2,3,7,0,5,1,0,1,1,1,0,1,0,0,0,0,0,5,16,18,12,7,0,5,1,1,3,1,2,13,12.95809318
2.02E+11,1.00E+00,4,46,337,46,1,10,2,1,1,0,1,0,0,2,2018,6,12,4,14,9,0,0,0,1,1,0,7,1,98,0,98,0,0,0,0,0,6,12,4,14,0,0,1,1,4,0,0,2,22,256.8505911
2.02E+11,1.00E+00,4,46,337,46,1,9,2,2,0,0,2,0,0,2,2018,6,12,38,12,2,0,1,8,2,3,0,1,1,98,0,98,0,0,0,0,0,6,12,38,12,1,0,2,1,1,0,0,2,22,182.8007464
2.02E+11,1.00E+00,3,65,2855,65,1,2,1,1,0,1,1,1,1,2,2018,6,15,43,8,2,1,0,0,4,1,0,1,1,1,0,1,0,0,0,0,0,6,15,43,8,0,0,4,1,1,1,1,2,13,31.23078062
2.02E+11,1.00E+00,2,25,2091,25,1,9,2,2,0,0,3,0,0,1,2018,4,17,38,12,2,0,1,0,1,1,0,1,2,10,0,10,0,0,0,0,0,4,17,38,12,1,0,1,2,10,0,0,2,8,166.8760737
2.02E+11,1.00E+00,2,25,2091,25,1,8,2,2,0,0,3,0,1,1,2018,5,8,15,12,2,2,6,8,2,2,0,1,1,10,0,10,0,0,0,0,0,5,8,15,12,6,0,2,1,10,2,1,2,8,156.6473085
2.02E+11,1.00E+00,3,33,1484,33,1,9,3,3,0,0,7,0,0,2,2018,7,13,34,12,2,0,1,8,3,3,0,1,1,1,0,1,0,0,0,0,0,7,13,34,12,1,0,3,1,1,0,0,2,11,170.3510796
2.02E+11,1.00E+00,2,25,2091,25,1,5,2,2,0,0,4,0,4,1,2018,5,18,2,12,2,4,6,8,2,2,0,1,5,2,0,2,0,0,0,0,0,5,18,2,12,6,0,2,5,2,4,4,2,8,65.22005523
2.02E+11,1.00E+00,2,25,2091,25,1,8,1,1,0,0,1,0,1,1,2018,5,23,15,30,1,2,0,0,1,1,0,4,2,10,0,10,0,0,0,0,0,5,23,15,30,0,0,1,2,10,2,1,1,8,156.6473085
2.02E+11,1.00E+00,3,38,569,38,1,8,2,2,0,0,2,0,1,2,2018,4,6,25,12,2,1,6,8,2,2,0,1,3,10,0,10,0,0,0,0,0,4,6,25,12,6,0,2,3,10,1,1,2,14,159.5485496
2.02E+11,1.00E+00,3,65,2855,65,1,10,2,2,0,0,3,0,0,2,2018,4,12,38,12,2,0,6,0,8,1,0,1,1,10,0,10,0,0,0,0,0,4,12,38,12,6,0,8,1,10,0,0,2,13,232.6913404
2.02E+11,1.00E+00,3,54,515,54,1,10,1,1,0,0,1,0,0,1,2018,1,13,36,30,2,0,0,8,98,98,0,4,1,1,0,1,0,0,0,0,0,1,13,36,30,0,0,3,1,1,0,0,2,14,238.1588224
2.02E+11,1.00E+00,3,38,573,38,1,8,1,1,0,0,1,0,1,2,2018,7,22,6,42,2,1,0,0,1,1,0,4,3,10,0,10,0,0,0,0,0,7,22,6,42,0,0,1,3,10,1,1,2,14,159.5485496
2.02E+11,1.00E+00,3,83,2810,83,1,10,2,2,0,0,2,0,0,1,2018,3,14,35,12,9,0,7,0,2,2,0,1,1,4,0,4,0,0,0,0,0,3,14,35,12,7,0,2,1,4,0,0,2,13,239.7806842
2.02E+11,1.00E+00,3,33,1477,33,1,6,2,2,0,0,2,0,1,2,2018,7,16,21,12,2,1,1,0,1,1,0,1,1,1,0,1,0,0,0,0,0,7,16,21,12,1,0,1,1,1,1,1,2,11,68.22883241
2.02E+11,1.00E+00,3,33,1482,33,1,10,2,2,0,0,3,0,0,2,2018,7,18,24,12,2,0,8,0,1,1,0,1,1,1,0,1,0,0,0,0,0,7,18,24,12,8,0,1,1,1,0,0,2,11,239.5108657
2.02E+11,1.00E+00,2,25,2091,25,1,10,1,1,0,0,1,0,0,1,2018,6,16,25,24,2,0,0,0,1,1,0,4,1,3,0,3,0,0,0,0,0,6,16,25,24,0,0,1,1,3,0,0,2,8,233.2764015
2.02E+11,1.00E+00,2,25,2091,25,1,9,1,1,0,0,1,0,0,1,2018,6,20,24,30,2,0,0,0,1,1,0,4,2,4,0,4,0,0,0,0,0,6,20,24,30,0,0,1,2,4,0,0,2,8,166.8760737
2.02E+11,1.00E+00,3,38,569,38,1,6,2,2,0,0,3,0,2,2,2018,6,21,55,12,2,1,6,8,2,2,0,1,3,1,0,1,0,0,0,0,0,6,21,55,12,6,0,2,3,1,1,2,2,14,68.14022454
2.02E+11,1.00E+00,3,38,573,38,1,10,2,1,1,0,1,0,99,2,2018,7,3,0,14,9,9,0,0,1,1,0,7,2,10,0,10,0,0,0,0,0,7,3,0,14,0,0,1,2,10,0,0,2,14,239.7134985
2.02E+11,1.00E+00,2,25,2091,25,1,10,1,1,0,0,2,0,0,1,2018,7,22,29,34,2,0,0,0,1,1,0,4,2,1,0,1,0,0,0,0,0,7,22,29,34,0,0,1,2,1,0,0,2,8,233.2764015
2.02E+11,1.00E+00,3,54,515,54,1,6,2,2,0,0,2,0,1,1,2018,2,7,38,12,2,2,1,0,1,1,0,1,4,3,0,3,0,1,19,27,0,2,7,38,12,1,0,1,4,3,2,1,2,14,71.55088259
2.02E+11,1.00E+00,3,54,515,54,1,10,1,1,0,0,1,0,0,1,2018,2,7,48,1,2,0,0,0,1,1,0,4,4,3,0,3,0,1,0,0,0,2,7,48,1,0,0,1,4,3,0,0,2,14,238.1588224
2.02E+11,1.00E+00,3,38,573,38,1,3,2,2,0,0,2,0,1,2,2018,7,16,12,12,2,2,6,8,2,3,0,1,1,1,0,1,0,0,0,0,0,7,16,12,12,6,0,2,1,1,2,1,2,14,27.56155674
2.02E+11,1.00E+00,2,25,2091,25,1,6,2,2,0,0,3,0,1,1,2018,1,18,1,12,2,2,1,8,3,2,0,1,3,10,0,10,0,0,0,0,0,1,18,1,12,1,0,3,3,10,2,1,2,8,67.43645723
2.02E+11,1.00E+00,3,54,515,54,1,9,2,2,0,0,4,0,0,1,2018,3,7,26,12,2,0,6,8,2,98,0,1,8,98,0,98,0,0,0,0,0,3,7,26,12,6,0,2,1,1,0,0,2,14,170.6048825
2.02E+11,1.00E+00,3,54,515,54,1,10,2,2,0,0,2,0,0,1,2018,3,17,51,12,2,0,1,0,1,1,0,1,2,4,0,4,0,0,0,0,0,3,17,51,12,1,0,1,2,4,0,0,2,14,238.1588224
2.02E+11,1.00E+00,3,54,515,54,1,10,2,2,0,0,2,0,0,1,2018,2,6,54,12,2,0,1,0,1,1,1,1,8,98,0,98,0,0,0,0,0,2,6,54,12,1,0,1,3,1,0,0,2,14,238.1588224
2.02E+11,1.00E+00,3,54,515,54,1,9,2,2,0,0,2,0,0,1,2018,2,10,49,12,2,0,7,8,98,98,0,98,8,98,0,98,0,0,0,0,0,2,10,49,12,7,0,3,1,1,0,0,2,14,170.6048825
2.02E+11,1.00E+00,3,54,515,54,1,9,2,2,0,0,2,0,0,1,2018,2,19,30,12,2,0,1,8,98,98,0,1,8,98,0,98,0,0,0,0,0,2,19,30,12,1,0,3,3,2,0,0,2,14,170.6048825
2.02E+11,1.00E+00,3,17,1053,17,1,10,2,2,0,0,2,0,0,1,2018,4,17,55,12,9,0,1,0,1,1,0,1,5,10,0,10,0,0,0,0,0,4,17,55,12,1,0,1,5,10,0,0,2,15,238.546544
2.02E+11,1.00E+00,3,38,573,38,1,9,2,2,0,0,2,0,0,2,2018,6,6,30,12,2,0,6,8,2,3,0,1,3,1,0,1,0,0,0,0,0,6,6,30,12,6,0,2,3,1,0,0,2,14,170.6493625
2.02E+11,1.00E+00,3,54,515,54,1,10,1,1,0,0,1,0,0,1,2018,2,8,16,53,2,0,0,8,98,98,0,4,8,98,0,98,0,0,0,0,0,2,8,16,53,0,0,3,1,1,0,0,2,14,238.1588224
2.02E+11,1.00E+00,3,51,1078,51,1,2,1,1,0,1,1,1,1,2,2018,4,18,20,8,2,2,0,8,3,3,0,1,3,1,0,1,0,0,0,0,0,4,18,20,8,0,0,3,3,1,2,1,2,10,29.85629098
2.02E+11,1.00E+00,3,51,1098,51,1,8,2,2,0,0,2,0,1,2,2018,6,16,18,12,2,1,1,0,1,1,0,1,1,2,0,2,0,1,0,0,0,6,16,18,12,1,0,1,1,2,1,1,2,10,161.7415075
2.02E+11,1.00E+00,3,17,1053,17,1,9,2,2,0,0,2,0,0,1,2018,4,21,20,12,2,0,1,1,20,1,0,1,3,1,0,1,0,1,0,0,0,4,21,20,12,1,1,20,3,1,0,0,2,15,171.5466983
2.02E+11,1.00E+00,3,17,1053,17,1,6,2,2,0,0,2,0,1,1,2018,5,3,29,12,1,2,1,0,2,3,0,1,3,1,0,1,0,0,0,0,0,5,3,29,12,1,0,2,3,1,2,1,1,15,68.03654189
2.02E+11,1.00E+00,4,41,160,41,1,6,2,2,0,0,2,0,1,1,2018,5,7,56,12,2,2,1,8,98,1,0,1,1,10,0,10,0,1,28,0,0,5,7,56,12,1,0,20,1,10,2,1,2,22,72.54516698
2.02E+11,1.00E+00,4,41,160,41,1,9,5,5,0,0,7,0,0,1,2018,6,7,20,12,9,0,98,8,98,1,0,1,1,1,0,1,0,0,0,0,0,6,7,20,12,1,0,1,1,1,1,1,2,22,181.9225615
2.02E+11,1.00E+00,4,41,160,41,1,8,3,3,0,0,3,0,1,2,2018,6,9,28,12,2,1,1,8,98,1,0,1,1,1,0,1,0,0,0,0,0,6,9,28,12,1,0,1,1,1,1,1,2,22,172.3259229
2.02E+11,1.00E+00,2,14,2722,14,2,5,2,2,0,0,3,0,2,1,2018,6,8,13,12,9,4,6,0,1,1,0,1,1,10,0,10,0,0,0,0,0,6,8,13,12,6,0,1,1,10,4,2,2,9,51.15461362
2.02E+11,1.00E+00,2,77,687,77,2,10,2,2,0,0,2,0,0,2,2018,6,9,0,12,2,0,6,8,2,2,0,1,1,4,0,4,0,0,0,0,0,6,9,0,12,6,0,2,1,4,0,0,2,9,239.5406201
2.02E+11,1.00E+00,4,68,295,68,1,3,1,1,0,0,1,0,1,2,2018,6,19,20,1,9,2,0,8,2,2,0,1,2,1,0,1,0,0,0,0,0,6,19,20,1,0,0,2,2,1,2,1,2,23,30.42650221
2.02E+11,1.00E+00,4,68,295,68,1,9,3,3,0,0,7,0,0,2,2018,1,17,51,12,9,0,1,0,1,1,0,1,2,1,0,1,0,0,0,0,0,1,17,51,12,1,0,1,2,1,0,0,2,23,190.6981016
2.02E+11,1.00E+00,4,56,211,211,1,2,1,1,0,1,1,1,1,2,2018,2,15,5,33,2,3,0,8,3,3,0,4,1,10,0,10,0,0,0,0,0,2,15,5,33,0,0,3,1,10,3,1,2,20,34.19455158
2.02E+11,1.00E+00,4,56,214,214,1,6,3,3,0,0,4,0,1,2,2018,6,18,45,12,2,1,1,0,1,1,4,1,3,1,0,1,0,1,0,0,0,6,18,45,12,1,0,1,3,1,1,1,2,20,76.42125785
2.02E+11,1.00E+00,3,33,1484,33,1,8,1,1,0,0,1,0,1,2,2018,1,8,10,30,1,2,0,0,1,1,0,4,1,10,0,10,0,0,0,0,0,1,8,10,30,0,0,1,1,10,2,1,1,11,159.6673759
2.02E+11,1.00E+00,3,33,1484,33,1,5,2,2,0,0,4,0,2,2,2018,1,14,45,12,2,3,6,0,1,1,0,1,1,2,0,2,0,0,0,0,0,1,14,45,12,6,0,1,1,2,3,2,2,11,27.30977254
2.02E+11,1.00E+00,3,33,1484,33,1,10,1,1,0,0,3,0,0,2,2018,1,15,20,25,2,0,0,0,1,1,0,3,1,10,2,2,0,1,0,0,0,1,15,20,25,0,0,1,1,2,0,0,2,11,239.5108657
2.02E+11,1.00E+00,2,25,2091,25,1,10,1,1,0,0,1,0,0,1,2018,2,14,26,30,2,0,0,0,1,1,0,4,1,4,0,4,0,0,0,0,0,2,14,26,30,0,0,1,1,4,0,0,2,8,233.2764015
2.02E+11,1.00E+00,3,65,2854,65,1,8,2,2,0,0,3,0,1,2,2018,5,19,3,12,2,1,1,0,3,2,0,1,3,1,0,1,0,0,0,0,0,5,19,3,12,1,0,3,3,1,1,1,2,13,159.3853443
2.02E+11,1.00E+00,2,25,2091,25,1,4,1,1,0,0,1,0,1,1,2018,2,16,26,42,2,3,0,0,1,1,0,4,1,3,0,3,0,0,0,0,0,2,16,26,42,0,0,1,1,3,3,1,2,8,67.2837227
2.02E+11,1.00E+00,3,65,2854,65,1,9,2,2,0,0,3,0,0,2,2018,6,19,55,12,2,0,1,0,1,1,0,1,3,10,0,10,0,1,0,0,0,6,19,55,12,1,0,1,3,10,0,0,2,13,167.7678594
2.02E+11,1.00E+00,4,68,297,68,1,8,2,2,0,0,2,0,1,1,2018,7,8,11,12,2,1,1,0,1,1,0,1,1,1,0,1,0,0,0,0,0,7,8,11,12,1,0,1,1,1,1,1,2,23,177.6196412
2.02E+11,1.00E+00,2,25,2091,25,1,10,1,1,0,0,1,0,0,1,2018,2,19,20,30,2,0,0,0,1,1,0,4,2,4,0,4,0,0,0,0,0,2,19,20,30,0,0,1,2,4,0,0,2,8,233.2764015
2.02E+11,1.00E+00,2,25,2091,25,1,6,1,1,0,0,1,0,1,1,2018,3,15,15,34,2,1,0,0,1,1,0,4,1,1,0,1,0,0,0,0,0,3,15,15,34,0,0,1,1,1,1,1,2,8,67.43645723
2.02E+11,1.00E+00,3,83,2810,83,1,9,2,2,0,0,2,0,0,1,2018,4,9,35,12,2,0,1,0,1,1,0,1,1,8,0,8,0,0,0,0,0,4,9,35,12,1,0,1,1,8,0,0,2,13,170.5424067
2.02E+11,1.00E+00,2,25,2091,25,1,7,2,2,0,0,2,0,0,1,2018,3,15,54,12,2,0,6,0,8,1,0,1,1,1,0,1,0,0,0,0,0,3,15,54,12,6,0,8,1,1,0,0,2,8,132.193686
2.02E+11,1.00E+00,4,68,297,68,1,2,1,1,0,1,1,1,1,1,2018,2,23,1,8,2,2,0,8,3,98,0,1,3,1,0,1,0,0,0,0,0,2,23,1,8,0,0,3,3,1,2,1,2,23,34.19537211
2.02E+11,1.00E+00,2,25,2091,25,1,10,1,1,0,0,1,0,0,1,2018,4,1,55,48,2,0,0,0,1,1,0,4,3,1,0,1,0,0,0,0,0,4,1,55,48,0,0,1,3,1,0,0,2,8,233.2764015
2.02E+11,1.00E+00,2,25,2091,25,1,9,2,2,0,0,3,0,0,1,2018,4,10,30,12,2,0,1,0,1,1,0,1,1,10,0,10,0,0,0,0,0,4,10,30,12,1,0,1,1,10,0,0,2,8,166.8760737
2.02E+11,1.00E+00,3,17,1053,17,1,10,2,2,0,0,3,0,0,1,2018,5,9,23,12,2,0,1,0,1,1,0,1,1,1,0,1,0,1,0,0,0,5,9,23,12,1,0,1,1,1,0,0,2,15,238.546544
2.02E+11,1.00E+00,3,83,2810,83,1,10,2,2,0,0,2,0,0,1,2018,4,9,50,12,9,0,7,0,2,2,0,1,1,4,0,4,0,0,0,0,0,4,9,50,12,7,0,2,1,4,0,0,2,13,239.7806842
2.02E+11,1.00E+00,3,33,1484,33,1,9,2,2,0,0,2,0,0,2,2018,2,10,5,12,2,0,1,0,1,1,0,1,1,1,0,1,0,0,0,0,0,2,10,5,12,1,0,1,1,1,0,0,2,11,170.3510796
2.02E+11,1.00E+00,2,25,2091,25,1,8,4,4,0,0,8,0,1,1,2018,4,16,50,12,2,1,1,0,1,1,0,1,1,10,0,10,0,0,0,0,0,4,16,50,12,1,0,1,1,10,1,1,2,8,156.6473085
2.02E+11,1.00E+00,3,33,1477,33,1,7,2,2,0,0,3,0,0,2,2018,2,10,15,12,2,0,7,8,2,3,0,1,1,1,0,1,0,0,0,0,0,2,10,15,12,7,0,2,1,1,0,0,2,11,136.9746958
2.02E+11,1.00E+00,3,65,2854,65,1,7,3,3,0,0,5,0,1,2,2018,5,8,8,12,2,1,7,0,1,1,0,1,1,10,0,10,0,1,0,0,0,5,8,8,12,7,0,1,1,10,1,1,2,13,139.0970864
2.02E+11,1.00E+00,2,27,905,27,1,9,2,1,1,0,1,1,0,2,2018,4,15,30,14,2,0,0,0,8,1,0,7,1,10,0,10,0,0,0,0,0,4,15,30,14,0,0,8,1,10,0,0,2,6,164.3174014
2.02E+11,1.00E+00,2,27,905,27,1,10,3,3,0,0,4,0,0,2,2018,5,7,43,12,2,0,1,0,1,1,0,1,1,10,0,10,0,0,0,0,0,5,7,43,12,1,0,1,1,10,0,0,2,6,230.8028013
2.02E+11,1.00E+00,3,33,1484,33,1,6,2,2,0,0,3,0,1,2,2018,2,11,26,12,2,1,7,0,1,1,0,1,1,1,0,1,0,0,0,0,0,2,11,26,12,7,0,1,1,1,1,1,2,11,68.22883242
2.02E+11,1.00E+00,2,27,877,27,1,6,2,2,0,0,2,0,1,2,2018,2,21,8,12,9,2,6,0,2,2,0,1,1,99,0,99,0,0,0,0,0,2,21,8,12,6,0,2,1,1,2,1,2,6,164.6901761
2.02E+11,1.00E+00,2,27,877,27,1,10,2,2,0,0,2,0,0,2,2018,4,8,52,12,2,0,6,0,2,2,0,1,1,4,0,4,0,0,0,0,0,4,8,52,12,6,0,2,1,4,0,0,2,6,230.8028013
2.02E+11,1.00E+00,2,27,877,27,1,10,2,2,0,0,2,0,0,2,2018,5,12,18,12,2,0,1,0,1,1,0,1,1,1,0,1,0,0,28,0,0,5,12,18,12,1,0,1,1,1,0,0,2,6,230.8028013
2.02E+11,1.00E+00,2,27,877,27,1,10,2,2,0,0,2,0,0,2,2018,5,15,9,12,2,0,1,0,3,98,0,1,1,10,0,10,0,0,0,0,0,5,15,9,12,1,0,3,1,10,0,0,2,6,230.8028013
2.02E+11,1.00E+00,2,27,877,27,1,9,2,2,0,0,3,0,0,2,2018,7,12,7,12,2,0,1,0,3,98,0,1,1,4,0,4,0,0,0,0,0,7,12,7,12,1,0,3,1,4,0,0,2,6,164.3174013
2.02E+11,1.00E+00,2,27,877,27,1,9,2,2,0,0,2,0,0,2,2018,1,16,18,12,2,0,1,0,1,1,0,1,1,10,0,10,0,0,0,0,0,1,16,18,12,1,0,1,1,10,0,0,2,6,164.3174013
2.02E+11,1.00E+00,2,27,900,27,1,10,2,1,1,0,1,0,0,2,2018,5,13,18,14,2,0,0,0,1,1,0,7,1,1,0,1,0,0,0,0,0,5,13,18,14,0,0,1,1,1,0,0,2,6,230.8028014
2.02E+11,1.00E+00,2,27,900,27,1,9,2,2,0,0,2,0,0,2,2018,5,20,30,12,2,0,6,0,2,2,0,1,3,1,0,1,0,0,0,0,0,5,20,30,12,6,0,2,3,1,0,0,2,6,164.3174014
2.02E+11,1.00E+00,2,27,900,27,1,8,3,3,0,0,3,0,1,2,2018,6,15,51,12,2,1,1,0,1,1,0,1,1,1,0,1,0,0,28,0,0,6,15,51,12,1,0,1,1,1,1,1,2,6,153.3553804
2.02E+11,1.00E+00,2,25,2091,25,1,9,2,2,0,0,2,0,0,1,2018,5,12,10,12,2,0,1,0,3,98,0,1,1,1,0,1,0,0,0,0,0,5,12,10,12,1,0,3,1,1,0,0,2,8,166.8760737
2.02E+11,1.00E+00,2,27,900,27,1,10,1,1,0,0,1,0,0,2,2018,2,19,13,42,2,0,0,0,3,98,0,4,3,4,0,4,0,0,0,0,0,2,19,13,42,0,0,3,3,4,0,0,2,6,230.8028014
2.02E+11,1.00E+00,2,25,2091,25,1,10,2,2,0,0,2,0,0,1,2018,5,16,20,12,2,0,1,0,1,1,0,1,2,1,0,1,0,0,0,0,0,5,16,20,12,1,0,1,2,1,0,0,2,8,233.2764015