CASENUM,SURVIVED,REGION,PSU,PJ,PSU_VAR,URBANICITY,STRATUM,VE_TOTAL,VE_FORMS,PVH_INVL,PEDS,PERMVIT,PERNOTMVIT,NUM_INJ,MONTH,YEAR,DAY_WEEK,HOUR,MINUTE,HARM_EV,ALCOHOL,MAX_SEV,MAN_COLL,RELJCT1,RELJCT2,TYP_INT,WRK_ZONE,REL_ROAD,LGT_COND,WEATHER1,WEATHER2,WEATHER,SCH_BUS,INT_HWY,CF1,CF2,CF3,WKDY_IM,HOUR_IM,MINUTE_IM,EVENT1_IM,MANCOL_IM,RELJCT1_IM,RELJCT2_IM,LGTCON_IM,WEATHR_IM,MAXSEV_IM,NO_INJ_IM,ALCHL_IM,PSUSTRAT,WEIGHT
2.02E+11,1.00E+00,2,58,3253,58,1,10,1,1,0,0,2,0,0,2,2018,6,12,44,2,2,0,0,0,1,1,0,1,1,10,0,10,0,0,0,0,0,6,12,44,2,0,0,1,1,10,0,0,2,6,276.0604769
2.02E+11,1.00E+00,2,58,3224,58,1,10,1,1,0,0,1,0,0,2,2018,4,18,13,11,2,0,0,0,1,1,0,1,8,98,0,98,0,0,0,0,0,4,18,13,11,0,0,1,2,4,0,0,2,6,230.9189058
2.02E+11,1.00E+00,2,58,3224,58,1,5,2,2,0,0,2,0,1,2,2018,2,13,43,12,2,3,1,0,1,1,0,1,1,1,0,1,0,0,0,0,0,2,13,43,12,1,0,1,1,1,3,1,2,6,26.18756932
2.02E+11,1.00E+00,2,58,3224,58,1,9,1,1,0,0,1,0,0,2,2018,4,5,56,42,2,0,0,0,1,1,0,4,2,4,0,4,0,0,0,0,0,4,5,56,42,0,0,1,2,4,0,0,2,6,164.5020176
2.02E+11,1.00E+00,2,58,3247,58,1,6,2,2,0,0,5,0,2,2,2018,7,18,19,12,2,2,8,0,3,3,0,1,3,4,11,4,0,0,0,0,0,7,18,19,12,8,0,3,3,4,2,2,2,6,65.49602805
2.02E+11,1.00E+00,2,58,3247,58,1,8,2,2,0,0,3,0,1,2,2018,3,7,25,12,2,2,6,0,2,2,0,1,1,1,0,1,0,0,0,0,0,3,7,25,12,6,0,2,1,1,2,1,2,6,154.5044758
2.02E+11,1.00E+00,2,58,3247,58,1,10,1,1,0,0,1,0,0,1,2018,6,9,54,30,2,0,0,0,1,1,0,4,1,1,0,1,0,0,0,0,0,6,9,54,30,0,0,1,1,1,0,0,2,6,230.9189058
2.02E+11,1.00E+00,2,58,3247,58,1,9,1,1,0,0,1,0,0,1,2018,2,2,10,11,2,0,0,0,1,1,0,1,8,98,0,98,0,0,0,0,0,2,2,10,11,0,0,1,3,10,0,0,2,6,164.5020176
2.02E+11,1.00E+00,2,58,3247,58,1,5,2,2,0,0,2,0,2,1,2018,5,22,7,12,9,4,2,0,1,1,0,1,2,1,0,1,0,0,0,0,0,5,22,7,12,2,0,1,2,1,4,2,1,6,25.363328
2.02E+11,1.00E+00,2,58,3247,58,1,10,1,1,0,0,1,0,0,1,2018,6,17,21,11,2,0,0,0,1,1,0,1,8,98,0,98,0,0,0,0,0,6,17,21,11,0,0,1,2,1,0,0,2,6,230.9189058
2.02E+11,1.00E+00,2,58,3247,58,1,4,1,1,0,0,1,0,1,1,2018,3,17,20,32,1,3,0,0,1,1,0,4,2,1,0,1,0,0,0,0,0,3,17,20,32,0,0,1,2,1,3,1,1,6,13.47943742
2.02E+11,1.00E+00,2,58,3247,58,1,10,1,1,0,0,1,0,0,1,2018,2,4,50,34,2,0,0,0,1,1,0,4,2,10,4,4,0,0,0,0,0,2,4,50,34,0,0,1,2,4,0,0,2,6,230.9189058
2.02E+11,1.00E+00,2,58,3247,58,1,5,2,2,0,0,3,0,3,1,2018,3,5,55,12,2,3,8,0,3,2,0,1,2,4,0,4,0,0,0,0,0,3,5,55,12,8,0,3,2,4,3,3,2,6,26.18756932
2.02E+11,1.00E+00,2,58,3247,58,1,10,1,1,0,0,1,0,0,1,2018,2,14,0,30,2,0,0,0,1,1,0,4,1,1,0,1,0,0,0,0,0,2,14,0,30,0,0,1,1,1,0,0,2,6,230.9189058
2.02E+11,1.00E+00,2,58,3247,58,1,8,1,1,0,0,1,0,1,1,2018,2,8,25,1,2,2,0,0,3,98,0,4,1,4,0,4,0,0,0,0,0,2,8,25,1,0,0,3,1,4,2,1,2,6,154.5044758
2.02E+11,1.00E+00,2,58,3247,58,1,9,2,2,0,0,1,0,0,1,2018,5,18,0,12,2,0,1,0,3,3,0,1,2,10,0,10,0,0,20,0,0,5,18,0,12,1,0,3,2,10,0,0,2,6,164.5020176
2.02E+11,1.00E+00,2,58,3247,58,1,6,1,1,0,0,2,0,2,1,2018,7,0,40,42,1,2,0,0,1,1,0,4,2,10,0,10,0,0,0,0,0,7,0,40,42,0,0,1,2,10,2,2,1,6,65.49602805
2.02E+11,1.00E+00,2,58,3247,58,1,10,1,1,0,0,1,0,0,1,2018,6,0,10,30,1,0,0,0,1,1,0,4,3,10,0,10,0,0,0,0,0,6,0,10,30,0,0,1,3,10,0,0,1,6,230.9189058
2.02E+11,1.00E+00,2,58,3247,58,1,9,2,2,0,0,3,0,0,1,2018,7,18,43,12,2,0,1,0,2,2,0,1,2,1,0,1,0,0,0,0,0,7,18,43,12,1,0,2,2,1,0,0,2,6,164.5020176
2.02E+11,1.00E+00,2,58,3246,58,1,4,2,2,0,0,2,0,2,2,2018,6,8,56,12,2,3,2,0,3,3,0,1,1,10,0,10,0,0,0,0,0,6,8,56,12,2,0,3,1,10,3,2,2,6,17.8305873
2.02E+11,1.00E+00,2,58,3246,58,1,9,2,2,0,0,2,0,0,2,2018,6,7,19,12,2,0,6,0,2,3,0,1,1,10,0,10,0,0,0,0,0,6,7,19,12,6,0,2,1,10,0,0,2,6,164.5020176
2.02E+11,1.00E+00,2,58,3246,58,1,10,2,2,0,0,2,0,0,2,2018,2,9,32,12,2,0,1,0,3,2,0,1,1,1,0,1,0,0,0,0,0,2,9,32,12,1,0,3,1,1,0,0,2,6,230.9189058
2.02E+11,1.00E+00,2,58,3246,58,1,8,2,2,0,0,3,0,1,2,2018,2,10,8,12,2,1,6,0,2,2,0,1,1,10,0,10,0,0,0,0,0,2,10,8,12,6,0,2,1,10,1,1,2,6,154.5044757
2.02E+11,1.00E+00,2,58,3246,58,1,10,1,1,0,0,1,0,0,2,2018,4,7,8,31,2,0,0,0,3,2,0,4,1,4,0,4,0,0,0,0,0,4,7,8,31,0,0,3,1,4,0,0,2,6,230.9189058
2.02E+11,1.00E+00,2,58,3246,58,1,9,2,1,1,0,1,0,0,2,2018,6,1,8,14,1,0,0,0,1,1,0,5,3,1,0,1,0,0,0,0,0,6,1,8,14,0,0,1,3,1,0,0,1,6,164.5020176
2.02E+11,1.00E+00,2,58,3262,58,1,5,2,2,0,0,2,0,1,2,2018,4,7,28,12,2,3,6,0,3,3,0,1,1,1,0,1,0,0,0,0,0,4,7,28,12,6,0,3,1,1,3,1,2,6,27.21642619
2.02E+11,1.00E+00,2,58,3262,58,1,8,1,1,0,0,1,0,1,2,2018,3,21,40,30,2,1,0,0,1,1,0,4,2,1,0,1,0,0,0,0,0,3,21,40,30,0,0,1,2,1,1,1,2,6,154.5044758
2.02E+11,1.00E+00,2,58,3262,58,1,10,1,1,0,0,1,0,0,2,2018,3,9,34,38,2,0,0,0,1,1,0,4,1,10,0,10,0,0,0,0,0,3,9,34,38,0,0,1,1,10,0,0,2,6,230.9189059
2.02E+11,1.00E+00,2,58,3262,58,1,7,2,2,0,0,3,0,0,2,2018,6,7,48,12,2,0,6,0,8,1,0,1,1,1,0,1,0,0,0,0,0,6,7,48,12,6,0,8,1,1,0,0,2,6,132.8063502
2.02E+11,1.00E+00,2,58,3262,58,1,6,2,2,0,0,5,0,1,2,2018,7,17,0,12,2,1,8,0,3,3,0,1,2,4,0,4,0,0,0,0,0,7,17,0,12,8,0,3,2,4,1,1,2,6,65.49602806
2.02E+11,1.00E+00,2,58,3262,58,1,10,1,1,0,0,1,0,0,2,2018,7,16,45,1,2,0,0,0,3,3,0,4,1,4,0,4,0,0,0,0,0,7,16,45,1,0,0,3,1,4,0,0,2,6,230.9189059
2.02E+11,1.00E+00,2,58,3262,58,1,9,1,1,0,0,1,0,0,2,2018,1,15,52,59,2,0,0,0,1,1,0,8,1,1,0,1,0,0,0,0,0,1,15,52,59,0,0,1,1,1,0,0,2,6,164.5020176
2.02E+11,1.00E+00,2,58,3248,58,1,2,1,1,0,1,2,1,1,2,2018,7,19,0,9,2,2,0,0,2,3,0,1,3,2,0,2,0,0,0,0,0,7,19,0,9,0,0,2,3,2,2,1,2,6,28.40778437
2.02E+11,1.00E+00,2,58,3248,58,1,10,2,2,0,0,2,0,0,2,2018,1,2,24,12,9,0,7,0,1,1,0,1,3,2,0,2,0,0,0,0,0,1,2,24,12,7,0,1,3,2,0,0,2,6,230.9189058
2.02E+11,1.00E+00,2,58,3248,58,1,2,1,1,0,1,1,1,1,1,2018,2,6,54,8,9,1,0,0,3,2,0,1,3,10,2,2,0,0,0,0,0,2,6,54,8,0,0,3,3,2,1,1,2,6,28.40778437
2.02E+11,1.00E+00,2,58,3248,58,1,9,3,3,0,0,4,0,0,1,2018,3,15,3,12,9,0,1,0,3,98,0,1,1,1,0,1,0,0,0,0,0,3,15,3,12,1,0,3,1,1,0,0,2,6,164.5020176
2.02E+11,1.00E+00,2,58,3248,58,1,8,2,2,0,0,2,0,1,1,2018,6,17,25,12,2,1,1,0,3,2,0,1,3,1,0,1,0,0,0,0,0,6,17,25,12,1,0,3,3,1,1,1,2,6,154.5044758
2.02E+11,1.00E+00,2,58,3248,58,1,10,1,1,0,0,1,0,0,1,2018,1,14,33,59,9,0,0,0,3,3,0,4,9,99,0,99,0,0,0,0,0,1,14,33,59,0,0,3,1,10,0,0,2,6,230.9189058
2.02E+11,1.00E+00,2,58,3248,58,1,6,2,2,0,0,2,0,1,1,2018,4,13,38,12,2,1,6,0,8,1,0,1,1,10,0,10,0,0,0,0,0,4,13,38,12,6,0,8,1,10,1,1,2,6,65.49602805
2.02E+11,1.00E+00,2,58,3248,58,1,9,2,2,0,0,2,0,0,2,2018,5,8,42,12,2,0,1,0,3,2,0,1,1,1,0,1,0,0,0,0,0,5,8,42,12,1,0,3,1,1,0,0,2,6,164.5020176
2.02E+11,1.00E+00,2,58,3248,58,1,7,2,2,0,0,2,0,1,2,2018,1,23,33,12,2,1,1,0,1,1,0,1,3,1,0,1,0,0,0,0,0,1,23,33,12,1,0,1,3,1,1,1,2,6,132.8063502
2.02E+11,1.00E+00,2,58,3248,58,1,10,2,1,1,0,1,0,0,2,2018,7,15,37,14,2,0,0,0,1,1,0,7,1,4,3,4,0,0,0,0,0,7,15,37,14,0,0,1,1,4,0,0,2,6,230.9189058
2.02E+11,1.00E+00,2,58,3248,58,1,8,2,2,0,0,2,0,1,2,2018,1,0,9,12,2,2,1,0,3,2,0,1,3,4,0,4,0,0,0,0,0,1,0,9,12,1,0,3,3,4,2,1,2,6,154.5044758
2.02E+11,1.00E+00,2,58,3248,58,1,10,2,2,0,0,2,0,0,2,2018,2,21,2,12,9,0,1,0,3,2,0,1,3,4,0,4,0,0,0,0,0,2,21,2,12,1,0,3,3,4,0,0,2,6,230.9189058
2.02E+11,1.00E+00,2,58,3248,58,1,9,2,2,0,0,4,0,0,2,2018,2,12,40,12,2,0,6,0,3,3,0,1,1,4,0,4,0,0,0,0,0,2,12,40,12,6,0,3,1,4,0,0,2,6,164.5020176
2.02E+11,1.00E+00,2,58,3248,58,1,9,2,2,0,0,2,0,0,2,2018,3,11,24,12,2,0,6,0,2,98,0,1,1,1,0,1,0,0,0,0,0,3,11,24,12,6,0,2,1,1,0,0,2,6,164.5020176
2.02E+11,1.00E+00,2,58,3248,58,1,6,2,2,0,0,2,0,2,2,2018,2,9,53,12,2,1,6,0,2,2,0,1,1,1,0,1,0,0,0,0,0,2,9,53,12,6,0,2,1,1,1,2,2,6,65.49602805
2.02E+11,1.00E+00,2,58,3248,58,1,10,2,2,0,0,2,0,0,2,2018,3,7,52,12,2,0,6,0,8,1,0,1,1,1,0,1,0,0,28,0,0,3,7,52,12,6,0,8,1,1,0,0,2,6,230.9189058
2.02E+11,1.00E+00,2,58,3248,58,1,9,2,2,0,0,2,0,0,2,2018,5,7,40,12,2,0,1,0,3,2,0,1,1,1,0,1,0,0,0,0,0,5,7,40,12,1,0,3,1,1,0,0,2,6,164.5020176
2.02E+11,1.00E+00,2,58,3248,58,1,6,9,9,0,0,9,0,3,2,2018,3,8,53,12,2,2,1,0,1,1,0,1,1,10,0,10,0,0,0,0,0,3,8,53,12,1,0,1,1,10,2,3,2,6,65.49602805
2.02E+11,1.00E+00,2,58,3248,58,1,10,2,1,1,0,1,0,0,2,2018,6,10,15,14,2,0,0,0,3,98,0,7,1,4,0,4,0,0,0,0,0,6,10,15,14,0,0,3,1,4,0,0,2,6,230.9189058
2.02E+11,1.00E+00,2,58,3248,58,1,9,2,2,0,0,2,0,0,2,2018,3,7,21,12,2,0,1,0,1,1,0,1,1,10,0,10,0,0,0,0,0,3,7,21,12,1,0,1,1,10,0,0,2,6,164.5020176
2.02E+11,1.00E+00,2,58,3248,58,1,10,2,2,0,0,4,0,0,2,2018,2,8,29,12,2,0,8,0,1,1,0,1,1,1,0,1,0,0,0,0,0,2,8,29,12,8,0,1,1,1,0,0,2,6,230.9189058
2.02E+11,1.00E+00,2,58,3248,58,1,9,2,2,0,0,2,0,0,2,2018,4,13,30,12,2,0,1,0,3,3,0,1,1,1,0,1,0,0,0,0,0,4,13,30,12,1,0,3,1,1,0,0,2,6,164.5020176
2.02E+11,1.00E+00,2,58,3248,58,1,2,1,1,0,1,1,1,1,2,2018,5,15,48,8,2,1,0,0,3,2,0,1,1,1,0,1,0,0,0,0,0,5,15,48,8,0,0,3,1,1,1,1,2,6,28.40778437
2.02E+11,1.00E+00,2,58,3248,58,1,8,2,2,0,0,3,0,1,2,2018,6,15,15,12,2,2,6,0,2,2,0,1,1,1,0,1,0,0,0,0,0,6,15,15,12,6,0,2,1,1,2,1,2,6,154.5044758
2.02E+11,1.00E+00,2,58,3248,58,1,7,2,2,0,0,2,0,0,2,2018,6,10,25,12,2,0,6,0,2,2,0,1,1,4,0,4,0,0,0,0,0,6,10,25,12,6,0,2,1,4,0,0,2,6,132.8063502
2.02E+11,1.00E+00,2,58,3248,58,1,10,2,2,0,0,3,0,0,2,2018,2,19,11,12,2,0,1,0,3,2,0,1,3,1,0,1,0,0,0,0,0,2,19,11,12,1,0,3,3,1,0,0,2,6,230.9189058
2.02E+11,1.00E+00,2,58,3248,58,1,6,2,2,0,0,2,0,1,2,2018,2,7,48,12,2,2,1,0,1,1,0,1,1,10,0,10,0,0,28,0,0,2,7,48,12,1,0,1,1,10,2,1,2,6,65.49602805
2.02E+11,1.00E+00,2,58,3248,58,1,10,2,1,1,0,1,0,99,2,2018,2,9,30,14,9,9,0,0,1,1,0,7,9,99,0,99,0,0,0,0,0,2,9,30,14,0,0,1,1,1,0,0,2,6,230.9189058
2.02E+11,1.00E+00,2,58,3248,58,1,9,2,2,0,0,2,0,0,2,2018,7,22,25,12,2,0,1,0,3,2,0,1,3,4,0,4,0,0,0,0,0,7,22,25,12,1,0,3,3,4,0,0,2,6,164.5020176
2.02E+11,1.00E+00,2,58,3248,58,1,2,1,1,0,1,2,1,1,2,2018,3,18,43,8,2,1,0,0,3,2,0,1,3,10,0,10,0,0,0,0,0,3,18,43,8,0,0,3,3,10,1,1,2,6,28.40778437
2.02E+11,1.00E+00,2,58,3245,58,1,2,1,1,0,1,2,1,1,2,2018,6,21,5,8,2,2,0,0,3,3,0,1,3,1,0,1,0,0,0,0,0,6,21,5,8,0,0,3,3,1,2,1,2,6,28.40778437
2.02E+11,1.00E+00,2,58,3245,58,1,9,2,2,0,0,2,0,0,2,2018,7,15,48,12,2,0,1,0,2,2,0,1,1,10,0,10,0,0,0,0,0,7,15,48,12,1,0,2,1,10,0,0,2,6,164.5020177
2.02E+11,1.00E+00,2,58,3245,58,1,10,2,2,0,0,2,0,0,2,2018,3,21,20,12,2,0,1,0,3,2,0,1,3,10,0,10,0,0,0,0,0,3,21,20,12,1,0,3,3,10,0,0,2,6,230.9189059
2.02E+11,1.00E+00,2,58,3245,58,1,7,2,2,0,0,2,0,0,2,2018,2,14,51,12,2,0,7,0,3,2,0,1,1,4,0,4,0,0,0,0,0,2,14,51,12,7,0,3,1,4,0,0,2,6,132.8063503
2.02E+11,1.00E+00,2,58,3245,58,1,2,1,1,0,1,1,1,1,1,2018,4,12,9,8,9,2,0,0,3,2,0,1,1,1,0,1,0,0,0,0,0,4,12,9,8,0,0,3,1,1,2,1,2,6,28.40778437
2.02E+11,1.00E+00,2,58,3245,58,1,10,2,2,0,0,2,0,0,1,2018,2,17,25,12,9,0,6,0,2,2,0,1,3,1,0,1,0,0,0,0,0,2,17,25,12,6,0,2,3,1,0,0,2,6,230.9189059
2.02E+11,1.00E+00,3,35,2793,35,1,9,2,2,0,0,4,0,0,1,2018,7,11,43,12,2,0,1,0,20,1,0,1,1,1,0,1,0,1,0,0,0,7,11,43,12,1,0,20,1,1,0,0,2,13,170.8649221
2.02E+11,1.00E+00,3,35,2793,35,1,10,2,2,0,0,4,0,0,1,2018,2,7,2,12,2,0,8,0,1,1,0,1,1,10,0,10,0,0,0,0,0,2,7,2,12,8,0,1,1,10,0,0,2,13,237.7898374
2.02E+11,1.00E+00,3,35,2793,35,1,7,3,3,0,0,4,0,0,1,2018,2,16,5,12,2,0,1,0,1,1,0,1,1,10,0,10,0,0,0,0,0,2,16,5,12,1,0,1,1,10,0,0,2,13,134.0770289
2.02E+11,1.00E+00,3,35,2793,35,1,10,1,1,0,0,1,0,0,1,2018,6,12,42,34,1,0,0,0,1,1,0,4,1,10,0,10,0,0,0,0,0,6,12,42,34,0,0,1,1,10,0,0,1,13,237.7898374
2.02E+11,1.00E+00,3,35,2793,35,1,7,1,1,0,0,1,0,0,1,2018,1,11,2,35,2,0,0,0,1,1,0,4,1,1,0,1,0,0,0,0,0,1,11,2,35,0,0,1,1,1,0,0,2,13,134.0770289
2.02E+11,1.00E+00,3,35,2793,35,1,10,2,1,1,0,1,1,0,1,2018,2,7,5,14,2,0,0,0,1,1,0,6,1,1,0,1,0,0,19,0,0,2,7,5,14,0,0,1,1,1,0,0,2,13,237.7898374
2.02E+11,1.00E+00,3,35,2793,35,1,9,2,2,0,0,2,0,0,1,2018,4,10,32,12,2,0,8,0,3,2,0,1,1,4,0,4,0,0,0,0,0,4,10,32,12,8,0,3,1,4,0,0,2,13,170.8649221
2.02E+11,1.00E+00,3,35,2793,35,1,10,2,2,0,0,2,0,0,1,2018,5,7,50,12,2,0,8,0,1,1,0,1,1,1,0,1,0,0,0,0,0,5,7,50,12,8,0,1,1,1,0,0,2,13,237.7898374
2.02E+11,1.00E+00,3,35,2793,35,1,5,2,2,0,0,2,0,1,1,2018,2,14,28,12,1,3,1,0,3,2,0,1,1,1,0,1,1,0,0,0,0,2,14,28,12,1,0,3,1,1,3,1,1,13,27.54377388
2.02E+11,1.00E+00,3,35,2793,35,1,8,1,1,0,0,1,0,1,1,2018,5,20,50,35,2,1,0,0,1,1,0,4,5,1,0,1,0,0,0,0,0,5,20,50,35,0,0,1,5,1,1,1,2,13,159.9994557
2.02E+11,1.00E+00,3,35,2793,35,1,3,2,2,0,0,2,0,2,1,2018,6,21,35,1,2,3,0,0,1,1,0,1,2,1,0,1,0,1,0,0,0,6,21,35,1,0,0,1,2,1,3,2,2,13,28.01282708
2.02E+11,1.00E+00,3,35,2793,35,1,10,1,1,0,0,1,0,0,1,2018,3,12,30,18,2,0,0,0,1,1,0,1,1,1,0,1,0,0,0,0,0,3,12,30,18,0,0,1,1,1,0,0,2,13,237.7898374
2.02E+11,1.00E+00,3,35,2793,35,1,5,1,1,0,0,3,0,3,1,2018,3,15,44,32,2,3,0,0,1,1,0,4,1,1,0,1,0,0,0,0,0,3,15,44,32,0,0,1,1,1,3,3,2,13,27.54377388
2.02E+11,1.00E+00,4,41,160,41,1,10,1,1,0,0,1,0,0,2,2018,5,20,0,18,2,0,0,8,98,1,0,1,1,1,0,1,0,1,0,0,0,5,20,0,18,0,0,1,1,1,0,0,2,22,257.7043256
2.02E+11,1.00E+00,4,41,160,41,1,6,2,2,0,0,2,0,2,1,2018,3,14,48,12,2,1,1,8,98,1,0,1,1,1,0,1,0,1,0,0,0,3,14,48,12,1,0,1,1,1,1,2,2,22,72.54516698
2.02E+11,1.00E+00,4,41,160,41,1,9,3,3,0,0,3,0,0,2,2018,3,5,46,12,9,0,1,8,98,98,0,1,3,1,0,1,0,1,0,0,0,3,5,46,12,1,0,3,3,1,1,1,2,22,181.9225615
2.02E+11,1.00E+00,4,41,165,41,1,10,2,2,0,0,4,0,0,1,2018,4,7,20,12,2,0,1,8,98,1,0,1,1,1,0,1,0,0,0,0,0,4,7,20,12,1,1,20,1,1,0,0,2,22,257.7043256
2.02E+11,1.00E+00,4,64,305,64,1,5,2,2,0,0,4,0,3,2,2018,6,19,25,12,2,3,6,8,2,2,0,1,2,1,0,1,0,0,0,0,0,6,19,25,12,6,0,2,2,1,3,3,2,23,32.50973586
2.02E+11,1.00E+00,4,64,305,64,1,10,2,2,0,0,2,0,0,2,2018,7,14,30,12,2,0,1,0,1,1,0,1,1,1,0,1,0,0,0,0,0,7,14,30,12,1,0,1,1,1,0,0,2,23,279.0247095
2.02E+11,1.00E+00,4,49,261,49,1,8,1,1,0,0,2,0,1,2,2018,3,14,25,39,2,1,0,0,1,1,0,3,1,1,0,1,0,0,0,0,0,3,14,25,39,0,0,1,1,1,1,1,2,21,195.2114628
2.02E+11,1.00E+00,4,49,262,49,1,10,2,2,0,0,3,0,0,2,2018,3,19,0,12,9,0,1,0,1,1,0,1,1,1,0,1,0,0,0,0,0,3,19,0,12,1,0,1,1,1,3,1,2,21,287.4625676
2.02E+11,1.00E+00,4,49,262,49,1,9,2,2,0,0,3,0,0,2,2018,2,12,45,12,2,0,1,0,1,1,0,1,1,10,0,10,0,1,0,0,0,2,12,45,12,1,0,1,1,10,0,0,2,21,211.5103965
2.02E+11,1.00E+00,4,49,262,49,1,6,1,1,0,0,1,0,1,2,2018,4,12,10,39,2,2,0,0,1,1,0,3,1,98,0,98,0,0,0,0,0,4,12,10,39,0,0,1,1,1,2,1,2,21,83.84834563
2.02E+11,1.00E+00,2,14,2755,14,2,9,2,2,0,0,3,0,0,2,2018,7,11,46,12,2,0,8,0,1,1,0,1,1,10,4,4,0,0,0,0,0,7,11,46,12,8,0,1,1,4,0,0,2,9,415.0764655
2.02E+11,1.00E+00,4,68,295,68,1,10,1,1,0,0,1,0,0,2,2018,1,0,10,38,1,0,0,0,1,1,0,5,2,1,0,1,0,0,0,0,0,1,0,10,38,0,0,1,2,1,0,0,1,23,270.0868272
2.02E+11,1.00E+00,4,68,295,68,1,5,2,2,0,0,3,0,3,2,2018,2,19,47,12,2,3,6,8,2,2,0,1,2,1,0,1,0,0,0,0,0,2,19,47,12,6,0,2,2,1,3,3,2,23,30.66203671
2.02E+11,1.00E+00,4,56,210,210,1,10,2,2,0,0,2,0,0,2,2018,3,19,33,12,2,0,6,8,2,2,0,1,3,10,0,10,0,0,0,0,0,3,19,33,12,6,0,2,3,10,0,0,2,20,265.2322732
2.02E+11,1.00E+00,4,56,211,211,1,8,2,2,0,0,2,0,1,2,2018,2,18,35,12,2,1,2,0,1,1,0,1,3,10,0,10,0,1,0,0,0,2,18,35,12,2,0,1,3,10,1,1,2,20,178.402087
2.02E+11,1.00E+00,4,56,214,214,1,3,2,2,0,0,2,0,1,2,2018,1,17,0,12,9,3,1,0,1,1,0,1,1,1,0,1,0,0,0,0,0,1,17,0,12,1,0,1,1,1,3,1,2,20,30.93527989
2.02E+11,1.00E+00,4,56,214,214,1,10,1,1,0,0,2,0,0,2,2018,4,23,35,20,2,0,0,0,1,1,0,8,3,1,0,1,0,1,0,0,0,4,23,35,20,0,0,1,3,1,0,0,2,20,265.2322733
2.02E+11,1.00E+00,4,56,189,189,1,10,1,1,0,0,3,0,0,2,2018,7,2,5,33,1,0,0,8,5,1,0,4,3,1,0,1,0,0,0,0,0,7,2,5,33,0,1,5,3,1,0,0,1,20,265.2322732
2.02E+11,1.00E+00,4,56,189,189,1,9,1,1,0,0,1,0,1,2,2018,1,5,25,30,1,2,0,0,1,1,0,4,3,1,0,1,0,0,0,0,0,1,5,25,30,0,0,1,3,1,2,1,1,20,187.1933079
2.02E+11,1.00E+00,4,56,189,189,1,8,3,3,0,0,4,0,1,2,2018,4,7,35,12,2,1,1,0,1,1,0,1,1,1,0,1,0,0,0,0,0,4,7,35,12,1,0,1,1,1,1,1,2,20,178.4020869
2.02E+11,1.00E+00,4,68,4055,68,1,3,1,1,0,0,1,0,1,2,2018,2,10,30,1,2,1,0,8,3,98,0,1,1,1,0,1,0,1,0,0,0,2,10,30,1,0,0,3,1,1,1,1,2,23,30.42650221
2.02E+11,1.00E+00,3,33,1484,33,1,10,2,2,0,0,5,0,0,2,2018,4,6,55,12,2,0,1,0,1,1,0,1,1,10,0,10,0,0,0,0,0,4,6,55,12,1,0,1,1,10,0,0,2,11,239.5108657
2.02E+11,1.00E+00,3,33,1484,33,1,7,2,1,1,0,1,1,0,2,2018,4,13,45,14,2,0,0,8,3,98,0,6,1,10,0,10,0,0,0,0,0,4,13,45,14,0,0,3,1,10,0,0,2,11,136.9746958
2.02E+11,1.00E+00,3,33,1484,33,1,9,2,2,0,0,2,0,0,2,2018,4,15,20,12,9,0,1,0,1,1,0,1,1,2,0,2,0,0,0,0,0,4,15,20,12,1,0,1,1,2,0,0,2,11,170.3510796
2.02E+11,1.00E+00,2,25,2092,25,1,10,2,2,0,0,2,0,0,1,2018,3,14,59,12,2,0,1,8,3,2,0,1,1,1,0,1,0,0,0,0,0,3,14,59,12,1,0,3,1,1,0,0,2,8,233.2764015
2.02E+11,1.00E+00,2,25,2092,25,1,10,2,2,0,0,3,0,0,1,2018,4,12,2,12,2,0,1,8,3,2,0,1,1,10,0,10,0,0,0,0,0,4,12,2,12,1,0,3,1,10,0,0,2,8,233.2764015
2.02E+11,1.00E+00,3,38,573,38,1,7,2,2,0,0,2,0,0,2,2018,2,10,5,12,2,0,7,8,2,2,0,1,1,2,0,2,0,0,0,0,0,2,10,5,12,7,0,2,1,2,0,0,2,14,134.170142
2.02E+11,1.00E+00,2,25,2092,25,1,7,2,2,0,0,4,0,0,1,2018,4,15,42,12,2,0,1,8,8,1,0,1,1,10,0,10,0,0,0,0,0,4,15,42,12,1,0,8,1,10,0,0,2,8,132.1936861
2.02E+11,1.00E+00,4,46,362,46,1,8,2,2,0,0,2,0,1,1,2018,6,99,99,12,2,1,1,0,1,1,0,1,3,98,0,98,0,0,0,0,0,6,19,43,12,1,0,1,3,1,1,1,2,22,171.4894346
2.02E+11,1.00E+00,1,13,4016,13,1,6,2,2,0,0,4,0,1,1,2018,6,20,10,12,2,1,6,8,5,1,0,1,3,1,0,1,0,0,0,0,0,6,20,10,12,6,1,5,3,1,1,1,2,3,70.19870075