CASENUM,SURVIVED,REGION,PSU,PJ,PSU_VAR,URBANICITY,STRATUM,VE_TOTAL,VE_FORMS,PVH_INVL,PEDS,PERMVIT,PERNOTMVIT,NUM_INJ,MONTH,YEAR,DAY_WEEK,HOUR,MINUTE,HARM_EV,ALCOHOL,MAX_SEV,MAN_COLL,RELJCT1,RELJCT2,TYP_INT,WRK_ZONE,REL_ROAD,LGT_COND,WEATHER1,WEATHER2,WEATHER,SCH_BUS,INT_HWY,CF1,CF2,CF3,WKDY_IM,HOUR_IM,MINUTE_IM,EVENT1_IM,MANCOL_IM,RELJCT1_IM,RELJCT2_IM,LGTCON_IM,WEATHR_IM,MAXSEV_IM,NO_INJ_IM,ALCHL_IM,PSUSTRAT,WEIGHT
2.02E+11,1.00E+00,1,13,4016,13,1,9,2,2,0,0,3,0,0,1,2018,1,1,45,12,1,0,7,0,1,1,0,1,3,1,0,1,0,1,0,0,0,1,1,45,12,7,0,1,3,1,0,0,1,3,180.935347
2.02E+11,1.00E+00,2,25,2092,25,1,10,1,1,0,0,1,0,0,1,2018,2,10,1,34,2,0,0,0,1,1,0,4,1,3,0,3,0,0,0,0,0,2,10,1,34,0,0,1,1,3,0,0,2,8,233.2764015
2.02E+11,1.00E+00,1,13,4016,13,1,8,3,3,0,0,4,0,1,1,2018,6,10,20,12,2,2,1,8,3,2,0,1,1,1,0,1,0,0,0,0,0,6,10,20,12,1,1,3,1,1,2,1,2,3,168.0925665
2.02E+11,1.00E+00,1,13,4016,13,1,10,2,2,0,0,2,0,0,1,2018,2,18,6,12,2,0,1,0,1,1,0,1,3,1,0,1,0,0,0,0,0,2,18,6,12,1,0,1,3,1,0,0,2,3,250.2412765
2.02E+11,1.00E+00,3,83,2810,83,1,6,2,2,0,0,3,0,1,1,2018,7,18,45,12,2,1,6,0,3,2,0,1,3,8,0,8,0,0,0,0,0,7,18,45,12,6,0,3,3,8,1,1,2,13,69.25332959
2.02E+11,1.00E+00,4,46,362,46,1,9,3,3,0,0,3,0,0,1,2018,6,16,42,12,2,0,1,8,3,98,0,1,1,98,0,98,0,0,0,0,0,6,16,42,12,1,0,3,1,1,0,0,2,22,182.8007464
2.02E+11,1.00E+00,1,13,1197,13,1,9,1,1,0,0,1,0,0,1,2018,4,8,21,42,2,0,0,0,1,1,0,4,1,4,0,4,0,0,0,0,0,4,8,21,42,0,0,1,1,4,0,0,2,3,468.0275385
2.02E+11,1.00E+00,3,52,591,52,2,2,1,1,0,1,1,1,1,2,2018,6,15,41,9,2,2,0,0,3,3,0,1,1,10,0,10,0,0,0,0,0,6,15,41,9,0,0,3,1,10,2,1,2,18,28.40652286
2.02E+11,1.00E+00,3,17,1053,17,1,9,2,2,0,0,6,0,0,1,2018,6,7,1,12,2,0,1,0,3,98,0,1,2,10,0,10,0,0,0,0,0,6,7,1,12,1,0,3,2,10,0,0,2,15,171.5466983
2.02E+11,1.00E+00,4,46,362,46,1,10,2,2,0,0,3,0,0,1,2018,1,16,37,12,2,0,1,8,3,98,0,1,5,2,0,2,0,0,0,0,0,1,16,37,12,1,0,3,5,2,0,0,2,22,256.8505911
2.02E+11,1.00E+00,3,52,591,52,2,3,1,1,0,0,1,0,1,2,2018,7,11,14,1,2,2,0,0,3,3,0,1,1,1,0,1,0,0,0,0,0,7,11,14,1,0,0,3,1,1,2,1,2,18,26.87334211
2.02E+11,1.00E+00,3,33,1477,33,1,9,2,2,0,0,2,0,0,2,2018,5,11,49,12,2,0,6,8,2,2,0,1,1,1,0,1,0,0,0,0,0,5,11,49,12,6,0,2,1,1,0,0,2,11,170.3510796
2.02E+11,1.00E+00,2,25,2092,25,1,9,2,2,0,0,2,0,0,1,2018,4,14,51,12,2,0,1,0,1,1,0,1,1,10,0,10,0,0,0,0,0,4,14,51,12,1,0,1,1,10,0,0,2,8,166.8760737
2.02E+11,1.00E+00,2,25,2092,25,1,8,3,1,2,0,1,0,1,1,2018,5,6,20,14,2,1,0,0,1,1,0,7,3,1,0,1,0,0,0,0,0,5,6,20,14,0,0,1,3,1,1,1,2,8,156.6473085
2.02E+11,1.00E+00,3,65,2855,65,1,8,3,3,0,0,5,0,3,2,2018,6,16,42,12,2,1,6,0,2,2,0,1,1,2,0,2,0,0,0,0,0,6,16,42,12,6,0,2,1,2,1,3,2,13,159.3853443
2.02E+11,1.00E+00,2,25,2092,25,1,10,2,2,0,0,3,0,0,1,2018,5,17,58,12,9,0,7,0,1,1,0,1,5,2,0,2,0,0,0,0,0,5,17,58,12,7,0,1,5,2,0,0,2,8,233.2764015
2.02E+11,1.00E+00,3,38,573,38,1,2,1,1,0,1,1,1,1,2,2018,6,7,23,9,2,1,0,0,1,1,0,1,1,10,0,10,0,0,0,0,0,6,7,23,9,0,0,1,1,10,1,1,2,14,29.46514109
2.02E+11,1.00E+00,2,25,2092,25,1,7,2,2,0,0,3,0,1,1,2018,6,15,33,12,2,1,1,0,1,1,0,1,1,1,0,1,0,0,0,0,0,6,15,33,12,1,0,1,1,1,1,1,2,8,132.1936861
2.02E+11,1.00E+00,3,33,1484,33,1,9,2,2,0,0,4,0,0,2,2018,5,16,27,12,2,0,1,0,1,1,0,1,1,1,0,1,0,0,0,0,0,5,16,27,12,1,0,1,1,1,0,0,2,11,170.3510796
2.02E+11,1.00E+00,2,25,2092,25,1,10,2,1,1,0,2,1,0,1,2018,7,14,25,45,2,0,0,8,2,2,2,1,1,1,0,1,0,0,0,0,0,7,14,25,45,0,1,2,1,1,0,0,2,8,233.2764015
2.02E+11,1.00E+00,3,38,573,38,1,9,2,2,0,0,2,0,0,2,2018,3,16,16,12,2,0,1,0,1,1,0,1,1,10,0,10,0,0,0,0,0,3,16,16,12,1,0,1,1,10,0,0,2,14,170.6493625
2.02E+11,1.00E+00,3,17,1053,17,1,10,2,2,0,0,3,0,0,1,2018,6,9,10,12,2,0,1,0,3,98,0,1,1,1,0,1,0,0,0,0,0,6,9,10,12,1,0,3,1,1,0,0,2,15,238.546544
2.02E+11,1.00E+00,3,83,2810,83,1,10,2,2,0,0,2,0,0,1,2018,1,9,36,12,2,0,1,0,1,1,0,1,1,1,0,1,0,0,0,0,0,1,9,36,12,1,0,1,1,1,0,0,2,13,239.7806842
2.02E+11,1.00E+00,2,25,2092,25,1,10,1,1,0,0,1,0,0,1,2018,2,16,50,30,2,0,0,8,3,3,0,4,5,10,0,10,0,0,0,0,0,2,16,50,30,0,0,3,5,10,0,0,2,8,233.2764015
2.02E+11,1.00E+00,3,83,2810,83,1,4,1,1,0,0,1,0,1,1,2018,1,10,55,25,9,4,0,0,1,1,0,3,1,1,0,1,0,1,0,0,0,1,10,55,25,0,0,1,1,1,4,1,2,13,13.40915942
2.02E+11,1.00E+00,2,27,900,27,1,6,3,3,0,0,4,0,4,2,2018,5,7,54,12,2,2,6,0,1,1,0,1,1,1,0,1,0,0,0,0,0,5,7,54,12,6,0,1,1,1,2,4,2,6,66.23651701
2.02E+11,1.00E+00,2,27,900,27,1,4,2,2,0,0,2,0,1,2,2018,3,17,38,12,2,3,1,0,3,3,0,1,2,2,0,2,0,0,0,0,0,3,17,38,12,1,0,3,2,2,3,1,2,6,43.5218309
2.02E+11,1.00E+00,2,27,900,27,1,4,2,2,0,0,2,0,1,2,2018,4,18,29,12,2,3,1,0,3,2,0,1,3,1,0,1,0,0,0,0,0,4,18,29,12,1,0,3,3,1,3,1,2,6,43.5218309
2.02E+11,1.00E+00,4,10,322,10,1,6,2,2,0,0,6,0,2,1,2018,4,21,26,12,2,2,6,8,2,2,0,1,3,1,0,1,0,0,0,0,0,4,21,26,12,6,0,2,3,1,2,2,2,21,85.6749245
2.02E+11,1.00E+00,2,27,896,27,1,9,2,2,0,0,2,0,0,2,2018,6,18,3,12,2,0,1,0,3,2,0,1,1,1,0,1,0,0,0,0,0,6,18,3,12,1,0,3,1,1,0,0,2,6,164.3174014
2.02E+11,1.00E+00,4,46,362,46,1,6,2,2,0,0,3,0,3,1,2018,2,14,55,12,2,1,1,8,2,98,0,1,1,98,0,98,0,0,0,0,0,2,14,55,12,1,0,2,1,1,1,3,2,22,73.46809613
2.02E+11,1.00E+00,2,25,2092,25,1,10,3,1,2,0,1,0,99,1,2018,3,19,50,14,9,9,0,0,1,1,0,7,3,10,0,10,0,0,0,0,0,3,19,50,14,0,0,1,3,10,0,0,2,8,233.2764015
2.02E+11,1.00E+00,3,38,573,38,1,10,2,1,1,0,1,0,0,2,2018,1,17,22,14,2,0,0,8,8,1,0,7,1,1,0,1,0,0,0,0,0,1,17,22,14,0,0,8,1,1,0,0,2,14,239.7134985
2.02E+11,1.00E+00,2,27,896,27,1,10,2,2,0,0,4,0,0,2,2018,1,14,37,12,2,0,1,0,3,3,0,1,1,1,0,1,0,0,0,0,0,1,14,37,12,1,0,3,1,1,0,0,2,6,230.8028013
2.02E+11,1.00E+00,3,33,1484,33,1,6,2,2,0,0,1,0,1,2,2018,6,1,42,12,2,1,7,0,1,1,0,1,2,1,0,1,0,1,0,0,0,6,1,42,12,7,0,1,2,1,1,1,2,11,68.22883242
2.02E+11,1.00E+00,2,27,896,27,1,2,1,1,0,1,1,1,1,2,2018,6,7,21,8,2,1,0,0,3,3,0,1,1,1,0,1,0,0,0,0,0,6,7,21,8,0,0,3,1,1,1,1,2,6,31.29280669
2.02E+11,1.00E+00,2,27,896,27,1,7,2,2,0,0,2,0,0,2,2018,6,10,0,12,2,0,6,0,2,2,0,1,1,4,0,4,0,0,0,0,0,6,10,0,12,6,0,2,1,4,0,0,2,6,131.2310086
2.02E+11,1.00E+00,1,13,1163,13,1,10,1,1,0,0,1,0,0,1,2018,4,7,14,30,2,0,0,0,1,1,0,4,1,4,98,4,0,0,0,0,0,4,7,14,30,0,0,1,1,4,0,0,2,3,250.2412765
2.02E+11,1.00E+00,1,13,1163,13,1,9,2,2,0,0,2,0,0,1,2018,4,8,18,12,9,0,6,8,2,3,0,1,1,4,10,4,0,0,0,0,0,4,8,18,12,6,0,2,1,4,0,0,2,3,180.9353469
2.02E+11,1.00E+00,1,13,1163,13,1,10,2,2,0,0,2,0,0,1,2018,2,6,22,12,2,0,1,8,3,3,0,1,3,98,0,98,0,0,0,0,0,2,6,22,12,1,0,3,3,3,0,0,2,3,250.2412765
2.02E+11,1.00E+00,2,27,896,27,1,6,3,3,0,0,6,0,1,2,2018,6,15,20,12,2,1,7,0,3,2,0,1,1,4,0,4,0,0,0,0,0,6,15,20,12,7,0,3,1,4,1,1,2,6,66.23651701
2.02E+11,1.00E+00,3,83,2810,83,1,9,2,2,0,0,2,0,0,1,2018,2,8,20,12,2,0,6,0,8,1,0,1,1,2,0,2,0,0,0,0,0,2,8,20,12,6,0,8,1,2,0,0,2,13,170.5424067
2.02E+11,1.00E+00,2,27,896,27,1,9,2,2,0,0,3,0,0,2,2018,6,14,33,12,2,0,8,0,1,1,0,1,1,1,0,1,0,0,0,0,0,6,14,33,12,8,0,1,1,1,0,0,2,6,164.3174014
2.02E+11,1.00E+00,2,25,2092,25,1,9,2,2,0,0,2,0,0,1,2018,4,15,43,12,2,0,6,0,2,3,0,1,1,1,0,1,0,0,0,0,0,4,15,43,12,6,0,2,1,1,0,0,2,8,166.8760737
2.02E+11,1.00E+00,1,13,1163,13,1,9,2,2,0,0,2,0,0,1,2018,5,12,6,12,2,0,1,8,3,2,0,1,1,1,0,1,0,0,0,0,0,5,12,6,12,1,0,3,1,1,0,0,2,3,180.9353469
2.02E+11,1.00E+00,3,38,573,38,1,6,3,3,0,0,3,0,1,2,2018,2,21,40,12,2,1,1,8,3,2,0,1,2,2,0,2,0,0,0,0,0,2,21,40,12,1,0,3,2,2,1,1,2,14,68.14022452
2.02E+11,1.00E+00,4,10,322,10,1,2,1,1,0,1,1,1,1,1,2018,2,19,48,8,9,2,0,8,3,2,0,1,3,1,0,1,0,0,0,0,0,2,19,48,8,0,0,3,3,1,2,1,2,21,37.18117357
2.02E+11,1.00E+00,4,44,388,44,2,10,1,1,0,0,1,0,0,1,2018,5,12,43,30,2,0,0,0,8,1,0,4,1,98,0,98,0,0,0,0,0,5,12,43,30,0,0,8,1,1,0,0,2,25,232.5053513
2.02E+11,1.00E+00,3,52,590,52,2,9,2,2,0,0,2,0,0,2,2018,6,14,56,12,2,0,6,0,3,98,0,1,1,10,0,10,0,0,0,0,0,6,14,56,12,6,0,3,1,10,0,0,2,18,167.3420702
2.02E+11,1.00E+00,2,25,2092,25,1,8,2,1,1,0,1,0,1,1,2018,6,10,54,45,2,1,0,0,1,1,3,5,1,1,0,1,0,0,0,0,0,6,10,54,45,0,0,1,1,1,1,1,2,8,156.6473085
2.02E+11,1.00E+00,2,27,896,27,1,9,2,2,0,0,2,0,0,2,2018,6,14,42,12,2,0,1,0,3,3,0,1,1,4,0,4,0,0,0,0,0,6,14,42,12,1,0,3,1,4,0,0,2,6,164.3174014
2.02E+11,1.00E+00,2,27,896,27,1,10,1,1,0,0,1,0,0,2,2018,5,7,51,18,2,0,0,0,1,1,0,1,1,1,0,1,0,0,0,0,0,5,7,51,18,0,0,1,1,1,0,0,2,6,230.8028013
2.02E+11,1.00E+00,4,44,388,44,2,10,2,2,0,0,2,0,0,1,2018,5,10,42,12,2,0,7,8,3,98,0,1,1,98,0,98,0,0,0,0,0,5,10,42,12,7,0,3,1,1,0,0,2,25,232.5053513
2.02E+11,1.00E+00,4,44,388,44,2,9,1,1,0,0,1,0,0,1,2018,5,7,33,11,2,0,0,0,20,1,0,1,1,98,0,98,0,1,0,0,0,5,7,33,11,0,0,20,1,1,0,0,2,25,168.0076528
2.02E+11,1.00E+00,2,27,896,27,1,10,2,2,0,0,3,0,0,2,2018,4,7,53,12,9,0,1,0,3,2,0,1,1,1,0,1,0,0,0,0,0,4,7,53,12,1,0,3,1,1,0,0,2,6,230.8028013
2.02E+11,1.00E+00,4,44,388,44,2,8,1,1,0,0,1,0,1,1,2018,1,11,38,38,2,1,0,0,3,98,0,4,1,98,0,98,0,0,0,0,0,1,11,38,38,0,0,3,1,4,1,1,2,25,156.5549779
2.02E+11,1.00E+00,4,10,322,10,1,8,1,1,0,0,2,0,2,1,2018,3,7,6,33,1,2,0,8,3,10,0,4,1,1,0,1,0,0,0,0,0,3,7,6,33,0,0,3,1,1,2,2,1,21,194.752069
2.02E+11,1.00E+00,3,33,1477,33,1,10,2,2,0,0,2,0,0,2,2018,6,9,16,12,2,0,6,8,2,2,0,1,1,1,0,1,0,0,0,0,0,6,9,16,12,6,0,2,1,1,0,0,2,11,239.5108657
2.02E+11,1.00E+00,4,44,388,44,2,6,2,2,0,0,3,0,2,1,2018,3,14,29,12,2,1,6,8,2,98,0,1,1,98,0,98,0,0,0,0,0,3,14,29,12,6,0,2,1,1,1,2,2,25,71.64648288
2.02E+11,1.00E+00,3,52,590,52,2,10,1,1,0,0,1,0,0,2,2018,1,19,46,59,2,0,0,0,1,1,0,4,2,1,0,1,0,0,0,0,0,1,19,46,59,0,0,1,2,1,0,0,2,18,229.5893752
2.02E+11,1.00E+00,4,44,388,44,2,3,1,1,0,0,1,0,1,1,2018,6,12,51,1,2,2,0,0,1,1,0,1,1,98,0,98,0,0,0,0,0,6,12,51,1,0,0,1,1,1,2,1,2,25,27.79857154
2.02E+11,1.00E+00,3,33,1484,33,1,10,2,2,0,0,2,0,0,2,2018,6,11,21,12,2,0,6,8,2,2,0,1,1,1,0,1,0,0,0,0,0,6,11,21,12,6,0,2,1,1,0,0,2,11,239.5108657
2.02E+11,1.00E+00,2,27,896,27,1,9,2,1,1,0,1,0,0,2,2018,2,19,20,14,2,0,0,0,1,1,0,7,3,1,0,1,0,0,0,0,0,2,19,20,14,0,0,1,3,1,0,0,2,6,164.3174014
2.02E+11,1.00E+00,3,65,2851,65,1,8,2,2,0,0,5,0,1,2,2018,1,16,25,12,2,2,1,0,3,3,0,1,1,1,0,1,0,0,0,0,0,1,16,25,12,1,0,3,1,1,2,1,2,13,159.3853443
2.02E+11,1.00E+00,3,83,2810,83,1,8,2,2,0,0,3,0,1,1,2018,2,9,0,12,2,2,1,0,8,1,0,1,1,1,0,1,0,0,0,0,0,2,9,0,12,1,0,8,1,1,2,1,2,13,163.0851708
2.02E+11,1.00E+00,2,25,2092,25,1,10,2,2,0,0,2,0,0,1,2018,3,15,12,12,2,0,1,0,2,3,0,1,1,10,0,10,0,0,0,0,0,3,15,12,12,1,0,2,1,10,0,0,2,8,233.2764015
2.02E+11,1.00E+00,3,83,2810,83,1,2,1,1,0,1,1,1,1,1,2018,2,14,50,8,2,2,0,0,4,1,0,1,1,1,0,1,0,0,0,0,0,2,14,50,8,0,0,4,1,1,2,1,2,13,30.2242987
2.02E+11,1.00E+00,2,25,2092,25,1,9,2,2,0,0,4,0,0,1,2018,6,13,31,12,2,0,1,0,1,1,0,1,1,10,0,10,0,0,0,0,0,6,13,31,12,1,0,1,1,10,0,0,2,8,166.8760737
2.02E+11,1.00E+00,4,46,362,46,1,9,2,2,0,0,2,0,0,1,2018,4,7,43,12,2,0,1,8,3,98,0,1,1,98,0,98,0,0,0,0,0,4,7,43,12,1,0,3,1,1,0,0,2,22,182.8007464
2.02E+11,1.00E+00,3,52,590,52,2,5,1,1,0,0,1,0,1,2,2018,5,16,57,42,2,3,0,0,5,1,0,4,1,10,0,10,0,0,0,0,0,5,16,57,42,0,0,5,1,10,3,1,2,18,38.73621781
2.02E+11,1.00E+00,4,46,362,46,1,10,2,2,0,0,4,0,0,1,2018,4,7,47,12,2,0,7,8,3,98,0,1,1,98,0,98,0,0,0,0,0,4,7,47,12,7,0,3,1,1,0,0,2,22,256.8505911
2.02E+11,1.00E+00,2,25,2092,25,1,10,2,2,0,0,3,0,0,1,2018,7,13,30,12,2,0,6,0,8,1,0,1,1,2,0,2,0,0,0,0,0,7,13,30,12,6,0,8,1,2,0,0,2,8,233.2764015
2.02E+11,1.00E+00,3,83,2810,83,1,10,2,2,0,0,2,0,0,1,2018,3,8,26,12,2,0,7,0,3,3,0,1,1,1,0,1,0,0,0,0,0,3,8,26,12,7,0,3,1,1,0,0,2,13,239.7806842
2.02E+11,1.00E+00,2,25,2092,25,1,9,2,1,1,0,1,0,0,1,2018,2,22,6,14,2,0,0,0,3,2,0,7,3,3,0,3,0,0,0,0,0,2,22,6,14,0,0,3,3,3,0,0,2,8,166.8760737
2.02E+11,1.00E+00,3,38,573,38,1,8,2,2,0,0,2,0,1,2,2018,1,19,58,12,2,1,1,8,2,3,0,1,3,2,0,2,0,0,0,0,0,1,19,58,12,1,0,2,3,2,1,1,2,14,159.5485496
2.02E+11,1.00E+00,3,17,1053,17,1,9,3,3,0,0,3,0,0,1,2018,6,15,45,12,2,0,1,0,1,1,0,1,1,1,0,1,0,1,0,0,0,6,15,45,12,1,0,1,1,1,0,0,2,15,171.5466983
2.02E+11,1.00E+00,3,52,610,52,2,5,2,2,0,0,2,0,1,2,2018,3,11,50,12,2,3,6,0,2,2,0,1,1,1,0,1,0,0,0,0,0,3,11,50,12,6,0,2,1,1,3,1,2,18,29.71208287
2.02E+11,1.00E+00,3,83,2810,83,1,9,2,2,0,0,3,0,0,1,2018,3,15,37,12,2,0,6,0,3,3,0,1,1,1,0,1,0,0,0,0,0,3,15,37,12,6,0,3,1,1,0,0,2,13,170.5424067
2.02E+11,1.00E+00,2,25,2092,25,1,10,2,2,0,0,2,0,0,1,2018,3,17,17,12,2,0,6,0,8,1,0,1,3,1,0,1,0,0,0,0,0,3,17,17,12,6,0,8,3,1,0,0,2,8,233.2764015
2.02E+11,1.00E+00,3,35,2819,35,1,4,1,1,0,0,1,0,1,1,2018,4,22,47,42,2,3,0,0,1,1,0,4,2,1,0,1,0,0,0,0,0,4,22,47,42,0,0,1,2,1,3,1,2,13,25.25705816
2.02E+11,1.00E+00,3,35,2819,35,1,10,2,2,0,0,2,0,0,1,2018,2,16,28,12,2,0,6,0,2,98,0,1,1,1,0,1,0,0,0,0,0,2,16,28,12,6,0,2,1,1,0,0,2,13,237.7898373
2.02E+11,1.00E+00,3,52,610,52,2,10,2,2,0,0,2,0,0,2,2018,6,17,45,12,2,0,6,0,2,2,0,1,5,10,0,10,0,0,0,0,0,6,17,45,12,6,0,2,5,10,0,0,2,18,229.5893753
2.02E+11,1.00E+00,4,60,234,60,1,2,1,1,0,1,2,1,1,1,2018,4,15,30,9,2,1,0,8,3,4,0,1,1,1,0,1,0,0,0,0,0,4,15,30,9,0,0,3,1,1,1,1,2,21,37.52676481
2.02E+11,1.00E+00,3,62,543,62,2,9,2,2,0,0,2,0,0,2,2018,4,6,56,12,2,0,1,8,3,2,0,1,3,1,0,1,0,0,0,0,0,4,6,56,12,1,0,3,3,1,0,0,2,18,168.3928504
2.02E+11,1.00E+00,3,62,598,62,2,10,2,2,0,0,2,0,0,2,2018,1,0,36,12,2,0,1,0,1,1,0,1,2,10,0,10,0,0,19,0,0,1,0,36,12,1,0,1,2,10,0,0,2,18,233.2197686
2.02E+11,1.00E+00,3,52,610,52,2,7,2,2,0,0,2,0,0,2,2018,2,21,51,12,2,0,6,0,2,2,0,1,3,10,0,10,0,0,0,0,0,2,21,51,12,6,0,2,3,10,0,0,2,18,131.6817015
2.02E+11,1.00E+00,3,83,2810,83,1,10,2,2,0,0,2,0,0,1,2018,4,16,50,12,9,0,7,0,1,1,0,1,1,1,0,1,0,0,0,0,0,4,16,50,12,7,0,1,1,1,0,0,2,13,239.7806842
2.02E+11,1.00E+00,3,52,610,52,2,5,1,1,0,0,1,0,1,2,2018,1,14,45,42,2,3,0,0,1,1,0,4,1,10,0,10,0,0,0,0,0,1,14,45,42,0,0,1,1,10,3,1,2,18,29.71208287
2.02E+11,1.00E+00,3,83,2810,83,1,5,1,1,0,0,2,0,2,1,2018,4,22,27,30,9,4,0,0,3,98,0,4,3,1,0,1,0,0,0,0,0,4,22,27,30,0,0,3,3,1,4,2,2,13,28.8410478
2.02E+11,1.00E+00,4,24,173,24,2,5,3,2,1,0,2,0,2,2,2018,3,16,0,12,2,3,98,0,1,1,0,1,1,1,0,1,0,1,14,0,0,3,16,0,12,8,0,1,1,1,3,2,2,24,27.04102016
2.02E+11,1.00E+00,1,13,1191,13,1,6,2,2,0,0,2,0,1,1,2018,4,15,4,12,2,1,6,8,3,2,0,1,1,1,0,1,0,0,0,0,0,4,15,4,12,6,0,3,1,1,1,1,2,3,70.19870076
2.02E+11,1.00E+00,3,38,573,38,1,6,2,2,0,0,2,0,1,2,2018,7,18,14,12,2,1,1,0,1,1,0,1,1,1,0,1,0,0,0,0,0,7,18,14,12,1,0,1,1,1,1,1,2,14,68.14022452
2.02E+11,1.00E+00,4,24,173,24,2,7,2,2,0,0,3,0,0,1,2018,1,1,8,12,2,0,7,0,1,1,0,1,2,1,0,1,0,1,0,0,0,1,1,8,12,7,0,1,2,1,0,0,2,24,118.0249038
2.02E+11,1.00E+00,3,38,573,38,1,9,2,2,0,0,2,0,0,2,2018,7,19,10,12,2,0,1,0,3,2,0,1,3,1,0,1,0,0,0,0,0,7,19,10,12,1,0,3,3,1,0,0,2,14,170.6493625
2.02E+11,1.00E+00,3,38,573,38,1,4,3,3,0,0,6,0,4,2,2018,7,22,23,12,2,3,6,8,2,3,0,1,2,2,0,2,0,0,0,0,0,7,22,23,12,6,0,2,2,2,3,4,2,14,13.62707383
2.02E+11,1.00E+00,4,24,170,24,2,9,2,2,0,0,4,0,0,2,2018,3,11,20,12,2,0,7,0,3,2,0,1,1,1,0,1,0,0,0,0,0,3,11,20,12,7,0,3,1,1,0,0,2,24,159.5192954
2.02E+11,1.00E+00,4,24,170,24,2,7,2,2,0,0,2,0,1,2,2018,6,16,15,12,9,1,6,0,2,2,0,1,1,1,0,1,0,0,0,0,0,6,16,15,12,6,0,2,1,1,1,1,2,24,118.0249038
2.02E+11,1.00E+00,4,24,172,24,2,6,2,2,0,0,3,0,2,1,2018,5,11,55,12,2,1,1,0,3,3,0,1,1,1,0,1,0,0,0,0,0,5,11,55,12,1,0,3,1,1,1,2,2,24,66.27464315
2.02E+11,1.00E+00,4,24,172,24,2,9,2,2,0,0,2,0,0,1,2018,2,7,39,12,9,0,6,0,2,2,0,1,1,1,0,1,0,0,0,0,0,2,7,39,12,6,0,2,1,1,2,1,2,24,159.5192954
2.02E+11,1.00E+00,4,24,172,24,2,8,2,2,0,0,2,0,2,1,2018,2,8,21,12,2,1,1,0,1,1,0,1,1,1,0,1,0,0,0,0,0,2,8,21,12,1,0,1,1,1,1,2,2,24,152.774335
2.02E+11,1.00E+00,4,24,172,24,2,6,3,3,0,0,6,0,6,1,2018,2,14,29,12,2,2,6,0,1,1,0,1,1,1,0,1,0,0,14,0,0,2,14,29,12,6,0,1,1,1,2,6,2,24,66.27464315
2.02E+11,1.00E+00,4,24,172,24,2,10,2,2,0,0,2,0,0,1,2018,2,18,57,12,2,0,6,0,1,1,0,1,2,1,0,1,0,0,0,0,0,2,18,57,12,6,0,1,2,1,0,0,2,24,225.0409123
2.02E+11,1.00E+00,4,24,172,24,2,5,2,2,0,0,2,0,1,1,2018,5,16,11,12,2,3,6,0,2,4,0,1,1,1,0,1,0,0,0,0,0,5,16,11,12,6,0,2,1,1,3,1,2,24,27.04102016
2.02E+11,1.00E+00,3,35,2819,35,1,10,1,1,0,0,1,0,0,1,2018,2,6,32,34,2,0,0,0,1,1,0,4,4,2,0,2,0,0,0,0,0,2,6,32,34,0,0,1,4,2,0,0,2,13,237.7898373
2.02E+11,1.00E+00,3,35,2819,35,1,6,2,2,0,0,2,0,1,1,2018,2,7,58,12,2,2,1,0,3,98,0,1,1,2,0,2,0,0,0,0,0,2,7,58,12,1,0,3,1,2,2,1,2,13,67.86238549
2.02E+11,1.00E+00,3,35,2819,35,1,9,2,2,0,0,2,0,0,1,2018,2,15,30,12,2,0,1,0,1,1,0,1,1,1,0,1,0,0,21,0,0,2,15,30,12,1,0,1,1,1,0,0,2,13,170.8649221
2.02E+11,1.00E+00,3,35,2819,35,1,7,2,2,0,0,2,0,1,1,2018,3,7,33,12,2,1,6,0,2,3,0,1,1,10,0,10,0,0,0,0,0,3,7,33,12,6,0,2,1,10,1,1,2,13,134.0770289
2.02E+11,1.00E+00,3,35,2819,35,1,8,2,2,0,0,3,0,1,1,2018,4,7,0,12,2,2,6,0,3,3,0,1,1,10,0,10,0,0,0,0,0,4,7,0,12,6,0,3,1,10,2,1,2,13,159.9994557
2.02E+11,1.00E+00,3,35,2819,35,1,10,2,2,0,0,2,0,0,1,2018,5,6,58,12,2,0,6,1,5,1,0,1,1,2,0,2,0,1,0,0,0,5,6,58,12,6,1,5,1,2,0,0,2,13,237.7898373
2.02E+11,1.00E+00,4,68,299,68,1,3,3,3,0,0,3,0,1,2,2018,2,11,5,12,9,3,7,0,1,1,0,1,1,6,0,6,0,1,0,0,0,2,11,5,12,7,0,1,1,6,3,1,2,23,30.42650222
2.02E+11,1.00E+00,4,56,210,210,1,9,3,3,0,0,5,0,0,2,2018,4,9,10,12,2,0,7,8,5,1,0,2,1,10,0,10,0,1,0,0,0,4,9,10,12,7,1,5,1,10,0,0,2,20,187.1933078