CASENUM,SURVIVED,REGION,PSU,PJ,PSU_VAR,URBANICITY,STRATUM,VE_TOTAL,VE_FORMS,PVH_INVL,PEDS,PERMVIT,PERNOTMVIT,NUM_INJ,MONTH,YEAR,DAY_WEEK,HOUR,MINUTE,HARM_EV,ALCOHOL,MAX_SEV,MAN_COLL,RELJCT1,RELJCT2,TYP_INT,WRK_ZONE,REL_ROAD,LGT_COND,WEATHER1,WEATHER2,WEATHER,SCH_BUS,INT_HWY,CF1,CF2,CF3,WKDY_IM,HOUR_IM,MINUTE_IM,EVENT1_IM,MANCOL_IM,RELJCT1_IM,RELJCT2_IM,LGTCON_IM,WEATHR_IM,MAXSEV_IM,NO_INJ_IM,ALCHL_IM,PSUSTRAT,WEIGHT
2.02E+11,1.00E+00,4,56,210,210,1,6,3,3,0,0,3,0,2,2,2018,5,7,15,12,2,1,1,0,1,1,0,1,1,1,0,1,0,1,0,0,0,5,7,15,12,1,0,1,1,1,1,2,2,20,76.42125783
2.02E+11,1.00E+00,4,56,214,214,1,4,2,2,0,0,2,0,2,2,2018,1,5,50,12,2,3,6,8,2,2,0,1,4,1,0,1,0,0,0,0,0,1,5,50,12,6,0,2,4,1,3,2,2,20,15.05717047
2.02E+11,1.00E+00,4,41,163,41,1,6,2,2,0,0,2,0,1,2,2018,3,9,4,12,2,2,6,8,2,2,0,1,1,1,0,1,0,0,0,0,0,3,9,4,12,6,0,2,1,1,2,1,2,22,72.54516697
2.02E+11,1.00E+00,4,56,205,205,1,10,1,1,0,0,1,0,0,1,2018,6,12,56,30,2,0,0,8,3,3,0,4,1,1,0,1,0,0,0,0,0,6,12,56,30,0,0,3,1,1,0,0,2,20,265.2322732
2.02E+11,1.00E+00,4,56,205,205,1,9,2,2,0,0,4,0,0,1,2018,7,17,13,12,2,0,6,8,8,1,0,1,5,1,0,1,0,0,0,0,0,7,17,13,12,6,0,8,5,1,0,0,2,20,187.1933078
2.02E+11,1.00E+00,4,56,205,205,1,3,2,2,0,0,2,0,1,1,2018,7,17,20,1,9,2,0,8,2,2,0,1,3,1,0,1,0,0,0,0,0,7,17,20,1,0,0,2,3,1,2,1,2,20,30.93527989
2.02E+11,1.00E+00,4,56,205,205,1,2,1,1,0,1,1,1,1,1,2018,4,20,14,8,2,1,0,8,3,2,0,1,3,1,0,1,0,0,0,0,0,4,20,14,8,0,0,3,3,1,1,1,2,20,34.19455157
2.02E+11,1.00E+00,4,56,205,205,1,9,3,3,0,0,3,0,0,1,2018,5,17,18,12,9,0,1,0,1,1,0,1,3,1,0,1,0,0,0,0,0,5,17,18,12,1,0,1,3,1,0,0,2,20,187.1933078
2.02E+11,1.00E+00,4,56,205,205,1,2,1,1,0,1,1,1,1,1,2018,4,13,0,9,9,2,0,0,1,1,0,1,1,1,0,1,0,0,16,0,0,4,13,0,9,0,0,1,1,1,2,1,2,20,34.19455157
2.02E+11,1.00E+00,4,56,205,205,1,8,5,5,0,0,6,0,1,1,2018,6,8,25,12,2,2,6,8,2,2,0,1,1,1,0,1,0,0,14,0,0,6,8,25,12,6,0,2,1,1,2,1,2,20,178.4020869
2.02E+11,1.00E+00,4,56,205,205,1,10,1,1,0,1,1,1,0,1,2018,4,10,45,15,2,0,0,8,3,2,0,1,1,1,0,1,0,0,0,0,0,4,10,45,15,0,0,3,1,1,0,0,2,20,265.2322732
2.02E+11,1.00E+00,4,56,205,205,1,7,2,2,0,0,2,0,0,1,2018,6,10,30,54,2,0,11,8,3,98,0,1,1,1,0,1,0,0,14,0,0,6,10,30,54,11,0,3,1,1,0,0,2,20,149.7873365
2.02E+11,1.00E+00,4,68,4055,68,1,8,1,1,0,0,1,0,1,3,2018,5,5,0,59,2,2,0,0,1,1,0,4,3,10,0,10,0,0,0,0,0,5,5,0,59,0,0,1,3,10,2,1,2,23,177.6196413
2.02E+11,1.00E+00,4,68,4055,68,1,6,2,2,0,0,2,0,1,3,2018,5,18,5,12,2,1,1,8,20,1,0,1,2,1,0,1,0,1,0,0,0,5,18,5,12,1,1,20,2,1,1,1,2,23,74.96762661
2.02E+11,1.00E+00,3,48,91,48,1,10,1,1,0,0,1,0,0,2,2018,2,21,10,32,1,0,0,0,3,2,0,4,3,1,0,1,0,0,0,0,0,2,21,10,32,0,0,3,3,1,0,0,1,12,238.9782539
2.02E+11,1.00E+00,3,48,85,48,1,10,2,2,0,0,2,0,0,2,2018,3,17,30,12,2,0,6,0,8,1,0,1,1,10,0,10,0,0,0,0,0,3,17,30,12,6,0,8,1,10,0,0,2,12,238.9782539
2.02E+11,1.00E+00,3,48,85,48,1,9,1,1,0,0,1,0,0,2,2018,4,14,40,23,2,0,0,0,1,1,0,4,1,2,0,2,0,1,0,0,0,4,14,40,23,0,0,1,1,2,0,0,2,12,170.6546305
2.02E+11,1.00E+00,3,48,87,48,1,7,2,2,0,0,2,0,0,3,2018,5,8,16,12,2,0,1,0,3,3,0,1,1,2,0,2,0,0,0,0,0,5,8,16,12,1,0,3,1,2,0,0,2,12,132.1850086
2.02E+11,1.00E+00,3,48,87,48,1,8,2,2,0,0,2,0,1,3,2018,5,16,23,12,2,1,1,0,3,2,0,1,1,10,0,10,0,0,0,0,0,5,16,23,12,1,0,3,1,10,1,1,2,12,159.3496284
2.02E+11,1.00E+00,3,48,87,48,1,6,2,2,0,0,4,0,2,3,2018,6,14,1,12,2,1,1,0,3,98,0,1,1,1,0,1,0,0,0,0,0,6,14,1,12,1,0,3,1,1,1,2,2,12,68.38656772
2.02E+11,1.00E+00,3,48,87,48,1,9,2,2,0,0,2,0,0,3,2018,6,18,26,12,2,0,8,0,3,3,0,1,3,1,0,1,0,0,0,0,0,6,18,26,12,8,0,3,3,1,0,0,2,12,170.6546305
2.02E+11,1.00E+00,3,48,87,48,1,10,2,2,0,0,2,0,0,3,2018,6,17,20,12,2,0,1,0,3,2,0,1,1,1,0,1,0,0,0,0,0,6,17,20,12,1,0,3,1,1,0,0,2,12,238.9782539
2.02E+11,1.00E+00,3,48,87,48,1,6,2,2,0,0,2,0,1,3,2018,7,12,22,12,2,1,6,0,2,2,0,1,1,1,0,1,0,0,0,0,0,7,12,22,12,6,0,2,1,1,1,1,2,12,68.38656772
2.02E+11,1.00E+00,3,48,87,48,1,8,2,2,0,0,2,0,1,3,2018,7,11,36,12,2,2,6,0,2,2,0,1,1,1,0,1,0,0,0,0,0,7,11,36,12,6,0,2,1,1,2,1,2,12,159.3496284
2.02E+11,1.00E+00,3,48,87,48,1,9,2,2,0,0,6,0,0,3,2018,1,19,0,12,2,0,1,0,3,3,0,1,5,1,0,1,0,0,0,0,0,1,19,0,12,1,0,3,5,1,0,0,2,12,170.6546305
2.02E+11,1.00E+00,3,48,87,48,1,10,1,1,0,0,2,0,0,2,2018,1,23,39,42,2,0,0,0,3,3,0,4,3,2,0,2,0,0,0,0,0,1,23,39,42,0,0,3,3,2,0,0,2,12,238.9782539
2.02E+11,1.00E+00,3,48,87,48,1,3,2,2,0,0,3,0,1,2,2018,2,17,21,12,2,2,6,0,8,1,0,1,1,1,0,1,0,0,0,0,0,2,17,21,12,6,0,8,1,1,2,1,2,12,27.7637958
2.02E+11,1.00E+00,3,48,87,48,1,10,1,1,0,0,1,0,0,2,2018,2,13,30,43,2,0,0,0,8,1,0,4,6,2,0,2,0,0,0,0,0,2,13,30,43,0,0,8,6,2,0,0,2,12,238.9782539
2.02E+11,1.00E+00,3,48,87,48,1,9,2,2,0,0,2,0,0,2,2018,3,6,52,12,2,0,6,0,8,1,0,1,1,1,0,1,0,0,0,0,0,3,6,52,12,6,0,8,1,1,0,0,2,12,170.6546305
2.02E+11,1.00E+00,3,48,87,48,1,9,2,2,0,0,2,0,0,2,2018,4,14,49,12,2,0,1,0,3,2,0,1,1,2,0,2,0,0,0,0,0,4,14,49,12,1,0,3,1,2,0,0,2,12,170.6546305
2.02E+11,1.00E+00,3,48,87,48,1,6,2,2,0,0,4,0,2,2,2018,4,17,2,12,2,1,1,0,3,2,0,1,5,2,0,2,0,0,0,0,0,4,17,2,12,1,0,3,5,2,1,2,2,12,68.38656772
2.02E+11,1.00E+00,3,48,87,48,1,10,2,2,0,0,3,0,0,2,2018,4,20,23,12,2,0,1,0,3,2,0,1,3,2,0,2,0,0,0,0,0,4,20,23,12,1,0,3,3,2,0,0,2,12,238.9782539
2.02E+11,1.00E+00,3,48,87,48,1,5,2,2,0,0,7,0,3,2,2018,4,14,25,12,1,3,1,0,3,2,0,1,1,10,0,10,0,0,0,0,0,4,14,25,12,1,0,3,1,10,3,3,1,12,27.53492416
2.02E+11,1.00E+00,3,48,90,48,1,6,2,2,0,0,2,0,1,3,2018,7,12,25,12,2,2,6,0,2,3,0,1,1,1,0,1,0,0,0,0,0,7,12,25,12,6,0,2,1,1,2,1,2,12,68.38656772
2.02E+11,1.00E+00,3,48,92,48,1,4,3,3,0,0,3,0,2,2,2018,2,4,55,33,9,3,0,0,1,1,0,3,2,2,0,2,0,0,14,0,0,2,4,55,33,0,0,1,2,2,3,2,1,12,27.358291
2.02E+11,1.00E+00,3,48,92,48,1,5,2,2,0,0,2,0,1,2,2018,3,2,13,12,1,3,6,0,1,1,0,1,6,1,0,1,0,0,0,0,0,3,2,13,12,6,0,1,6,1,3,1,1,12,27.53492417
2.02E+11,1.00E+00,3,48,97,48,1,9,2,2,0,0,2,0,0,2,2018,3,16,30,12,2,0,6,0,3,3,0,1,1,1,0,1,0,0,0,0,0,3,16,30,12,6,0,3,1,1,0,0,2,12,170.6546305
2.02E+11,1.00E+00,3,70,138,70,2,10,2,2,0,0,2,0,0,3,2018,5,10,45,12,2,0,9,1,18,1,0,1,1,2,0,2,0,0,0,0,0,5,10,45,12,9,1,18,1,2,0,0,2,16,235.1971059
2.02E+11,1.00E+00,3,70,46,70,2,10,2,2,0,0,3,0,0,3,2018,5,17,30,12,2,0,1,1,18,1,0,1,1,10,0,10,0,1,0,0,0,5,17,30,12,1,1,18,1,10,0,0,2,16,235.1971059
2.02E+11,1.00E+00,3,70,138,70,2,9,2,2,0,0,2,0,0,3,2018,5,21,10,12,2,0,6,0,2,2,0,1,3,10,0,10,0,0,0,0,0,5,21,10,12,6,0,2,3,10,0,0,2,16,168.6017505
2.02E+11,1.00E+00,3,70,138,70,2,10,2,2,0,0,2,0,0,3,2018,6,2,24,12,9,0,6,0,8,1,0,1,3,1,0,1,0,0,0,0,0,6,2,24,12,6,0,8,3,1,0,0,2,16,235.1971059
2.02E+11,1.00E+00,3,70,46,70,2,6,1,1,0,0,1,0,1,3,2018,6,10,38,34,2,2,0,0,1,1,0,4,1,1,0,1,0,0,0,0,0,6,10,38,34,0,0,1,1,1,2,1,2,16,67.78164858
2.02E+11,1.00E+00,3,70,138,70,2,7,2,2,0,0,2,0,0,3,2018,6,17,13,12,2,0,6,0,8,1,0,11,1,1,0,1,0,0,0,0,0,6,17,13,12,6,0,8,1,1,0,0,2,16,132.1532895
2.02E+11,1.00E+00,3,70,138,70,2,6,2,2,0,0,4,0,2,3,2018,6,15,5,12,2,1,1,0,3,3,0,1,1,1,0,1,0,0,0,0,0,6,15,5,12,1,0,3,1,1,1,2,2,16,67.78164858
2.02E+11,1.00E+00,3,70,138,70,2,9,2,2,0,0,2,0,0,3,2018,6,9,49,12,2,0,6,0,2,2,0,1,1,1,0,1,0,0,0,0,0,6,9,49,12,6,0,2,1,1,0,0,2,16,168.6017505
2.02E+11,1.00E+00,3,70,138,70,2,8,3,3,0,0,3,0,1,3,2018,6,13,30,12,2,1,6,0,2,2,0,1,1,1,0,1,0,0,0,0,0,6,13,30,12,6,0,2,1,1,1,1,2,16,159.4516257
2.02E+11,1.00E+00,3,70,138,70,2,10,3,3,0,0,4,0,0,3,2018,7,16,2,12,9,0,1,0,3,7,0,1,1,1,0,1,0,0,0,0,0,7,16,2,12,1,0,3,1,1,0,0,2,16,235.1971059
2.02E+11,1.00E+00,3,70,46,70,2,9,2,2,0,0,5,0,0,3,2018,7,19,30,12,2,0,6,0,8,1,0,1,1,1,0,1,0,0,0,0,0,7,19,30,12,6,0,8,1,1,0,0,2,16,168.6017505
2.02E+11,1.00E+00,3,70,46,70,2,5,1,1,0,0,1,0,1,3,2018,1,4,45,42,9,4,0,0,1,1,0,4,2,1,0,1,0,0,0,0,0,1,4,45,42,0,0,1,2,1,4,1,1,16,36.67099924
2.02E+11,1.00E+00,3,70,138,70,2,6,2,2,0,0,2,0,1,3,2018,1,13,12,12,2,2,1,0,8,1,0,1,1,1,0,1,0,0,0,0,0,1,13,12,12,1,0,8,1,1,2,1,2,16,67.78164858
2.02E+11,1.00E+00,3,70,138,70,2,10,2,2,0,0,2,0,0,2,2018,1,17,55,12,2,0,6,0,8,1,0,1,5,2,0,2,0,0,0,0,0,1,17,55,12,6,0,8,5,2,0,0,2,16,235.1971059
2.02E+11,1.00E+00,3,70,46,70,2,10,2,2,0,0,2,0,0,2,2018,1,17,30,12,2,0,1,0,1,1,1,1,3,2,0,2,0,1,0,0,0,1,17,30,12,1,0,1,3,2,0,0,2,16,235.1971059
2.02E+11,1.00E+00,3,70,138,70,2,9,2,2,0,0,2,0,0,2,2018,3,13,35,12,2,0,7,0,1,1,0,1,1,1,0,1,0,0,0,0,0,3,13,35,12,7,0,1,1,1,0,0,2,16,168.6017505
2.02E+11,1.00E+00,3,70,138,70,2,10,2,2,0,0,4,0,0,2,2018,3,16,48,12,2,0,1,0,3,2,0,1,1,1,0,1,0,0,0,0,0,3,16,48,12,1,0,3,1,1,0,0,2,16,235.1971059
2.02E+11,1.00E+00,3,70,138,70,2,6,2,2,0,0,3,0,1,2,2018,4,9,43,12,2,1,6,0,2,2,0,1,1,10,0,10,0,0,0,0,0,4,9,43,12,6,0,2,1,10,1,1,2,16,67.78164858
2.02E+11,1.00E+00,3,70,46,70,2,7,1,1,0,0,1,0,0,2,2018,4,12,20,57,2,0,0,0,1,1,0,3,1,10,0,10,0,1,0,0,0,4,12,20,57,0,0,1,1,10,0,0,2,16,132.1532895
2.02E+11,1.00E+00,3,70,138,70,2,9,2,2,0,0,2,0,0,2,2018,4,17,22,12,2,0,1,0,3,2,0,1,5,1,0,1,0,0,0,0,0,4,17,22,12,1,0,3,5,1,0,0,2,16,168.6017505
2.02E+11,1.00E+00,3,70,138,70,2,4,3,3,0,0,3,0,2,2,2018,4,19,21,12,2,3,6,0,2,2,0,1,2,1,0,1,0,0,0,0,0,4,19,21,12,6,0,2,2,1,3,2,2,16,26.9051544
2.02E+11,1.00E+00,3,70,46,70,2,10,2,2,0,0,2,0,0,2,2018,4,19,20,12,2,0,1,0,1,1,0,1,2,1,0,1,0,1,0,0,0,4,19,20,12,1,0,1,2,1,0,0,2,16,235.1971059
2.02E+11,1.00E+00,3,70,138,70,2,8,2,2,0,0,8,0,1,2,2018,4,11,0,12,2,2,6,0,2,2,0,1,1,1,0,1,0,0,0,0,0,4,11,0,12,6,0,2,1,1,2,1,2,16,159.4516257
2.02E+11,1.00E+00,3,70,136,70,2,10,2,2,0,0,3,0,0,3,2018,5,16,54,12,2,0,1,0,1,1,0,1,1,2,0,2,0,0,0,0,0,5,16,54,12,1,0,1,1,2,0,0,2,16,235.1971059
2.02E+11,1.00E+00,3,70,137,70,2,6,2,2,0,0,3,0,3,3,2018,5,12,37,12,2,1,6,0,8,1,0,1,1,2,0,2,0,0,0,0,0,5,12,37,12,6,0,8,1,2,1,3,2,16,67.78164858
2.02E+11,1.00E+00,3,70,137,70,2,8,2,2,0,0,2,0,1,3,2018,6,9,5,12,2,1,6,0,2,2,0,1,1,1,0,1,0,0,0,0,0,6,9,5,12,6,0,2,1,1,1,1,2,16,159.4516257
2.02E+11,1.00E+00,3,70,137,70,2,10,2,2,0,0,2,0,0,2,2018,2,17,10,12,2,0,1,0,3,3,0,1,1,1,0,1,0,0,0,0,0,2,17,10,12,1,0,3,1,1,0,0,2,16,235.1971059
2.02E+11,1.00E+00,3,70,137,70,2,9,2,2,0,0,2,0,0,2,2018,4,16,48,12,2,0,6,0,2,3,0,1,1,1,0,1,0,0,0,0,0,4,16,48,12,6,0,2,1,1,0,0,2,16,168.6017505
2.02E+11,1.00E+00,4,56,210,210,1,2,1,1,0,1,2,1,2,2,2018,6,8,5,8,2,1,0,0,1,1,0,1,1,98,0,98,0,0,0,0,0,6,8,5,8,0,0,1,1,1,1,2,2,20,34.19455158
2.02E+11,1.00E+00,3,33,1484,33,1,8,2,2,0,0,2,0,1,2,2018,6,15,16,12,2,1,1,0,1,1,0,1,1,1,0,1,0,0,0,0,0,6,15,16,12,1,0,1,1,1,1,1,2,11,159.6673759
2.02E+11,1.00E+00,2,25,1829,25,1,5,1,1,0,0,1,0,1,2,2018,6,15,36,42,2,4,0,0,1,1,0,4,1,10,0,10,0,0,0,0,0,6,15,36,42,0,0,1,1,10,4,1,2,8,103.7425336
2.02E+11,1.00E+00,2,25,1829,25,1,8,1,1,0,0,1,0,1,2,2018,2,4,47,30,1,1,0,0,1,1,0,4,2,3,0,3,0,0,0,0,0,2,4,47,30,0,0,1,2,3,1,1,1,8,156.6473085
2.02E+11,1.00E+00,2,25,1829,25,1,8,1,1,0,0,2,0,2,2,2018,3,15,0,35,2,1,0,0,1,1,0,4,1,10,0,10,0,0,0,0,0,3,15,0,35,0,0,1,1,10,1,2,2,8,156.6473085
2.02E+11,1.00E+00,2,25,1829,25,1,10,2,2,0,0,3,0,0,2,2018,3,18,46,12,2,0,6,0,2,2,0,1,3,1,0,1,0,0,0,0,0,3,18,46,12,6,0,2,3,1,0,0,2,8,233.2764015
2.02E+11,1.00E+00,2,25,1829,25,1,9,1,1,0,0,3,0,0,2,2018,1,15,3,59,2,0,0,0,1,1,0,4,1,10,0,10,0,0,0,0,0,1,15,3,59,0,0,1,1,10,0,0,2,8,166.8760736
2.02E+11,1.00E+00,3,38,573,38,1,10,2,2,0,0,2,0,0,2,2018,6,18,30,12,2,0,7,0,1,1,0,1,5,2,0,2,0,0,0,0,0,6,18,30,12,7,0,1,5,2,0,0,2,14,239.7134985
2.02E+11,1.00E+00,2,25,1829,25,1,8,1,1,0,0,2,0,1,2,2018,5,19,51,31,2,1,0,0,1,1,0,4,6,2,0,2,0,0,0,0,0,5,19,51,31,0,0,1,6,2,1,1,2,8,156.6473085
2.02E+11,1.00E+00,2,25,1829,25,1,10,1,1,0,0,1,0,0,2,2018,5,20,45,34,2,0,0,0,3,2,0,4,2,2,0,2,0,0,0,0,0,5,20,45,34,0,0,3,2,2,0,0,2,8,233.2764015
2.02E+11,1.00E+00,2,25,1829,25,1,7,2,2,0,0,2,0,0,2,2018,6,20,36,12,2,0,6,0,2,3,0,1,2,10,0,10,0,0,0,0,0,6,20,36,12,6,0,2,2,10,0,0,2,8,132.193686
2.02E+11,1.00E+00,2,25,1829,25,1,8,1,1,0,0,1,0,1,2,2018,2,4,51,11,2,1,0,0,1,1,0,1,2,1,0,1,0,0,0,0,0,2,4,51,11,0,0,1,2,1,1,1,2,8,156.6473085
2.02E+11,1.00E+00,3,52,591,52,2,10,1,1,0,0,1,0,0,2,2018,5,20,57,11,2,0,0,0,1,1,0,1,2,1,0,1,0,0,0,0,0,5,20,57,11,0,0,1,2,1,0,0,2,18,229.5893753
2.02E+11,1.00E+00,2,25,1829,25,1,10,1,1,0,0,1,0,0,2,2018,3,14,2,34,2,0,0,0,3,3,0,4,1,1,0,1,0,0,0,0,0,3,14,2,34,0,0,3,1,1,0,0,2,8,233.2764015
2.02E+11,1.00E+00,3,65,2851,65,1,6,2,2,0,0,3,0,2,2,2018,3,13,27,12,2,1,6,0,2,2,0,1,1,10,0,10,0,0,0,0,0,3,13,27,12,6,0,2,1,10,1,2,2,13,68.24286331
2.02E+11,1.00E+00,2,25,1829,25,1,7,2,2,0,0,3,0,0,2,2018,5,8,15,12,2,0,6,0,2,3,0,1,1,2,0,2,0,0,0,0,0,5,8,15,12,6,0,2,1,2,0,0,2,8,132.193686
2.02E+11,1.00E+00,3,30,2160,30,1,5,1,1,0,0,1,0,1,1,2018,2,16,5,42,2,3,0,8,98,98,0,4,1,1,0,1,0,0,0,0,0,2,16,5,42,0,0,3,1,1,3,1,2,14,26.96906925
2.02E+11,1.00E+00,3,65,2851,65,1,10,2,2,0,0,2,0,0,2,2018,3,7,51,12,2,0,7,1,5,1,0,1,1,10,0,10,0,1,0,0,0,3,7,51,12,7,1,5,1,10,0,0,2,13,232.6913404
2.02E+11,1.00E+00,2,25,1829,25,1,10,1,1,0,0,1,0,0,2,2018,2,10,7,52,2,0,0,0,1,1,0,4,1,10,0,10,0,0,0,0,0,2,10,7,52,0,0,1,1,10,0,0,2,8,233.2764015
2.02E+11,1.00E+00,3,30,2160,30,1,6,2,2,0,0,2,0,2,2,2018,5,7,19,12,1,2,2,8,98,1,0,1,1,10,0,10,0,0,0,0,0,5,7,19,12,2,0,1,1,10,2,2,1,14,68.0544077
2.02E+11,1.00E+00,3,82,2211,82,2,7,1,1,0,0,2,0,0,2,2018,5,7,25,51,2,0,0,8,98,1,0,4,1,10,0,10,0,1,0,0,0,5,7,25,51,0,0,1,1,10,0,0,2,19,128.1269517
2.02E+11,1.00E+00,4,64,307,64,1,2,1,1,0,1,1,1,1,1,2018,1,17,45,9,9,1,0,8,2,2,0,1,1,1,0,1,0,0,0,0,0,1,17,45,9,0,0,2,1,1,1,1,2,23,35.64519262
2.02E+11,1.00E+00,2,25,2018,25,1,7,1,1,0,0,1,0,0,2,2018,5,7,20,34,2,0,0,0,1,1,0,4,4,10,0,10,0,0,0,0,0,5,7,20,34,0,0,1,4,10,0,0,2,8,132.193686
2.02E+11,1.00E+00,2,25,2018,25,1,9,2,2,0,0,2,0,0,2,2018,5,11,57,12,2,0,7,0,1,1,0,1,1,10,0,10,0,0,0,0,0,5,11,57,12,7,0,1,1,10,0,0,2,8,166.8760737
2.02E+11,1.00E+00,3,65,2851,65,1,9,2,2,0,0,2,0,0,2,2018,3,18,23,12,2,0,6,0,8,1,0,1,5,10,0,10,0,0,0,0,0,3,18,23,12,6,0,8,5,10,0,0,2,13,167.7678594
2.02E+11,1.00E+00,4,46,362,46,1,7,1,1,0,0,1,0,99,1,2018,6,9,15,30,9,9,0,8,3,98,0,4,1,98,0,98,0,0,0,0,0,6,9,15,30,0,0,3,1,1,0,0,2,22,143.9882354
2.02E+11,1.00E+00,4,10,314,10,1,4,2,2,0,0,4,0,1,1,2018,4,20,27,12,2,3,6,8,2,3,0,1,3,2,10,2,0,0,0,0,0,4,20,27,12,6,0,2,3,2,3,1,2,21,17.22673076
2.02E+11,1.00E+00,4,10,314,10,1,9,2,2,0,0,2,0,0,1,2018,5,14,40,12,2,0,2,8,2,2,0,1,1,10,0,10,0,0,0,0,0,5,14,40,12,2,0,2,1,10,0,0,2,21,212.2904203
2.02E+11,1.00E+00,4,10,314,10,1,10,2,1,1,0,2,0,0,1,2018,1,17,55,14,2,0,0,0,1,1,0,7,5,1,0,1,0,0,0,0,0,1,17,55,14,0,0,1,5,1,0,0,2,21,293.7303089
2.02E+11,1.00E+00,3,17,1038,17,1,9,3,3,0,0,4,0,0,1,2018,4,10,50,12,2,0,1,0,1,1,0,1,1,10,0,10,0,0,0,0,0,4,10,50,12,1,0,1,1,10,0,0,2,15,171.5466984
2.02E+11,1.00E+00,3,17,1041,17,1,10,2,2,0,0,3,0,0,1,2018,5,19,40,12,1,0,6,0,1,1,0,1,3,1,0,1,0,0,0,0,0,5,19,40,12,6,0,1,3,1,0,0,1,15,238.5465439
2.02E+11,1.00E+00,4,60,234,60,1,7,2,2,0,0,2,0,0,2,2018,5,12,59,12,2,0,6,8,8,1,0,1,1,1,0,1,1,0,0,0,0,5,12,59,12,6,0,8,1,1,0,0,2,21,140.0509609
2.02E+11,1.00E+00,4,46,362,46,1,6,3,3,0,0,3,0,2,1,2018,6,13,49,12,9,1,1,8,2,98,0,1,1,98,0,98,0,0,0,0,0,6,13,49,12,1,0,2,1,1,1,2,2,22,73.46809613
2.02E+11,1.00E+00,3,63,4047,63,2,10,1,1,0,0,1,0,0,2,2018,4,11,52,24,2,0,0,0,1,1,0,4,1,10,0,10,0,0,0,0,0,4,11,52,24,0,0,1,1,10,0,0,2,16,230.5853558
2.02E+11,1.00E+00,3,83,2810,83,1,9,2,2,0,0,4,0,0,1,2018,5,7,44,12,9,0,7,0,1,1,0,1,1,1,0,1,0,0,0,0,0,5,7,44,12,7,0,1,1,1,0,0,1,13,170.5424067
2.02E+11,1.00E+00,3,63,2972,63,2,6,2,2,0,0,3,0,1,2,2018,6,13,45,12,2,1,6,0,2,3,0,1,1,1,0,1,0,0,0,0,0,6,13,45,12,6,0,2,1,1,1,1,2,16,66.29050598
2.02E+11,1.00E+00,3,63,2972,63,2,9,2,2,0,0,5,0,0,2,2018,6,15,51,12,2,0,1,0,3,3,0,1,1,1,0,1,0,0,0,0,0,6,15,51,12,1,0,3,1,1,0,0,2,16,165.9362934
2.02E+11,1.00E+00,3,63,2973,63,2,9,2,2,0,0,4,0,0,2,2018,4,17,1,12,2,0,6,0,3,3,0,1,1,2,0,2,0,0,0,0,0,4,17,1,12,6,0,3,1,2,0,0,2,16,167.8060554
2.02E+11,1.00E+00,2,25,2018,25,1,10,1,1,0,0,1,0,0,2,2018,3,5,20,43,2,0,0,0,1,1,0,4,2,3,0,3,0,0,0,0,0,3,5,20,43,0,0,1,2,3,0,0,2,8,233.2764015
2.02E+11,1.00E+00,4,46,362,46,1,2,1,1,0,1,1,1,1,1,2018,2,15,0,15,2,1,0,8,8,1,0,1,1,98,0,98,0,0,0,0,0,2,15,0,15,0,0,8,1,1,1,1,2,22,32.83923112
2.02E+11,1.00E+00,2,27,893,27,1,5,1,1,0,0,1,0,1,2,2018,2,5,31,30,9,3,0,0,1,1,0,4,2,1,0,1,0,0,0,0,0,2,5,31,30,0,0,1,2,1,3,1,2,6,26.33973192
2.02E+11,1.00E+00,3,38,573,38,1,9,2,2,0,0,2,0,0,2,2018,4,19,58,12,2,0,1,8,3,2,0,1,5,1,0,1,0,0,0,0,0,4,19,58,12,1,0,3,5,1,0,0,2,14,170.6493625
2.02E+11,1.00E+00,3,83,2810,83,1,7,3,3,0,0,5,0,2,1,2018,5,19,1,12,2,2,8,0,1,1,0,1,2,1,0,1,0,0,0,0,0,5,19,1,12,8,0,1,2,1,2,2,2,13,133.7891231
2.02E+11,1.00E+00,3,63,2825,63,2,5,2,2,0,0,4,0,4,2,2018,4,18,40,12,2,3,6,0,2,2,0,1,3,2,0,2,0,0,0,0,0,4,18,40,12,6,0,2,3,2,3,4,2,16,26.80882444
2.02E+11,1.00E+00,2,27,893,27,1,9,2,2,0,0,2,0,0,2,2018,3,10,10,12,9,0,8,0,4,1,0,1,1,1,0,1,0,0,0,0,0,3,10,10,12,8,0,4,1,1,0,0,2,6,164.3174014
2.02E+11,1.00E+00,4,46,362,46,1,9,2,2,0,0,2,0,0,1,2018,4,18,18,12,2,0,1,8,2,98,0,1,3,98,0,98,0,0,0,0,0,4,18,18,12,1,0,2,3,1,0,0,2,22,182.8007464