CASENUM,SURVIVED,REGION,PSU,PJ,PSU_VAR,URBANICITY,STRATUM,VE_TOTAL,VE_FORMS,PVH_INVL,PEDS,PERMVIT,PERNOTMVIT,NUM_INJ,MONTH,YEAR,DAY_WEEK,HOUR,MINUTE,HARM_EV,ALCOHOL,MAX_SEV,MAN_COLL,RELJCT1,RELJCT2,TYP_INT,WRK_ZONE,REL_ROAD,LGT_COND,WEATHER1,WEATHER2,WEATHER,SCH_BUS,INT_HWY,CF1,CF2,CF3,WKDY_IM,HOUR_IM,MINUTE_IM,EVENT1_IM,MANCOL_IM,RELJCT1_IM,RELJCT2_IM,LGTCON_IM,WEATHR_IM,MAXSEV_IM,NO_INJ_IM,ALCHL_IM,PSUSTRAT,WEIGHT
2.02E+11,1.00E+00,3,63,2907,63,2,9,2,2,0,0,2,0,0,1,2018,6,17,9,12,2,0,6,0,8,1,0,1,1,1,0,1,0,0,0,0,0,6,17,9,12,6,0,8,1,1,0,0,2,16,165.9362934
2.02E+11,1.00E+00,3,83,2810,83,1,9,2,2,0,0,2,0,0,1,2018,4,10,10,12,2,0,1,1,3,98,0,1,1,1,0,1,0,1,0,0,0,4,10,10,12,1,1,3,1,1,0,0,2,13,170.5424067
2.02E+11,1.00E+00,3,63,2907,63,2,8,2,2,0,0,7,0,4,1,2018,7,14,9,12,2,2,6,1,2,2,0,1,1,1,0,1,0,0,0,0,0,7,14,9,12,6,1,2,1,1,2,4,2,16,155.171649
2.02E+11,1.00E+00,2,67,1928,67,1,10,2,2,0,0,3,0,0,1,2018,7,18,35,12,9,0,1,8,3,2,0,1,3,1,0,1,0,0,0,0,0,7,18,35,12,1,0,3,3,1,2,1,2,8,233.9772103
2.02E+11,1.00E+00,3,63,2907,63,2,6,2,2,0,0,6,0,1,1,2018,2,21,18,12,2,1,1,0,3,2,0,1,3,1,0,1,0,0,0,0,0,2,21,18,12,1,0,3,3,1,1,1,2,16,66.29050598
2.02E+11,1.00E+00,2,25,2091,25,1,8,1,1,0,0,3,0,3,2,2018,5,8,40,52,2,1,0,0,1,1,0,4,1,10,0,10,0,0,0,0,0,5,8,40,52,0,0,1,1,10,1,3,2,8,156.6473085
2.02E+11,1.00E+00,2,25,2091,25,1,7,2,2,0,0,5,0,2,2,2018,5,14,0,12,2,2,6,0,2,2,0,1,1,1,0,1,0,0,0,0,0,5,14,0,12,6,0,2,1,1,2,2,2,8,132.193686
2.02E+11,1.00E+00,3,65,2851,65,1,10,2,1,1,0,1,0,99,2,2018,4,17,0,14,2,9,0,0,1,1,0,7,1,1,0,1,0,0,0,0,0,4,17,0,14,0,0,1,1,1,0,0,2,13,232.6913404
2.02E+11,1.00E+00,2,67,1928,67,1,8,2,2,0,0,6,0,2,1,2018,5,15,22,12,2,1,1,8,3,2,0,1,1,1,0,1,0,0,0,0,0,5,15,22,12,1,0,3,1,1,1,2,2,8,157.3009051
2.02E+11,1.00E+00,3,63,2907,63,2,9,2,2,0,0,3,0,0,1,2018,3,7,54,12,2,0,6,0,8,1,0,1,1,1,0,1,0,0,0,0,0,3,7,54,12,6,0,8,1,1,0,0,2,16,165.9362934
2.02E+11,1.00E+00,3,65,2851,65,1,6,3,3,0,0,4,0,1,2,2018,4,10,51,39,2,1,0,0,1,1,0,3,1,10,0,10,0,0,0,0,0,4,10,51,39,0,0,1,1,10,1,1,2,13,68.24286331
2.02E+11,1.00E+00,2,25,2091,25,1,9,2,2,0,0,3,0,0,2,2018,5,15,40,12,2,0,9,0,8,1,0,1,1,1,0,1,0,0,0,0,0,5,15,40,12,9,0,8,1,1,0,0,2,8,166.8760737
2.02E+11,1.00E+00,3,63,2907,63,2,10,3,3,0,0,3,0,0,1,2018,4,17,0,12,2,0,1,0,3,98,0,1,1,1,0,1,0,0,0,0,0,4,17,0,12,1,0,3,1,1,0,0,2,16,230.5853558
2.02E+11,1.00E+00,2,25,2091,25,1,10,2,2,0,0,2,0,0,2,2018,5,18,4,12,2,0,1,0,3,2,0,1,1,1,0,1,0,0,0,0,0,5,18,4,12,1,0,3,1,1,0,0,2,8,233.2764015
2.02E+11,1.00E+00,3,54,526,54,1,10,2,2,0,0,2,0,0,2,2018,1,15,51,34,2,0,0,0,1,1,0,4,1,10,0,10,0,0,14,0,0,1,15,51,34,0,0,1,1,10,0,0,2,14,238.1588224
2.02E+11,1.00E+00,2,67,1925,67,1,6,2,2,0,0,3,0,3,1,2018,2,1,13,12,2,2,6,8,2,2,0,1,3,10,0,10,0,0,0,0,0,2,1,13,12,6,0,2,3,10,2,3,2,8,65.9008896
2.02E+11,1.00E+00,3,63,2907,63,2,6,2,2,0,0,2,0,2,1,2018,5,10,47,12,2,1,1,0,3,98,0,1,1,1,0,1,0,0,0,0,0,5,10,47,12,1,0,3,1,1,1,2,2,16,66.29050598
2.02E+11,1.00E+00,2,67,1925,67,1,8,2,2,0,0,3,0,1,1,2018,4,7,38,12,2,1,1,0,1,1,0,1,1,1,0,1,0,0,0,0,0,4,7,38,12,1,0,1,1,1,1,1,2,8,157.3009051
2.02E+11,1.00E+00,3,83,2810,83,1,10,2,2,0,0,2,0,0,1,2018,4,16,22,12,2,0,1,0,3,2,0,1,1,1,0,1,0,0,0,0,0,4,16,22,12,1,0,3,1,1,0,0,2,13,239.7806842
2.02E+11,1.00E+00,1,81,3133,81,2,7,2,2,0,0,1,0,0,3,2018,4,20,10,12,2,0,98,8,4,1,0,1,2,4,0,4,0,0,19,0,0,4,20,10,12,6,0,4,2,4,0,0,2,4,140.0420517
2.02E+11,1.00E+00,3,62,565,62,2,9,2,2,0,0,2,0,0,2,2018,1,9,47,12,2,0,1,0,1,1,0,1,1,2,0,2,0,1,19,0,0,1,9,47,12,1,0,1,1,2,0,0,2,18,168.3928504
2.02E+11,1.00E+00,2,67,1925,67,1,9,2,2,0,0,3,0,0,1,2018,4,8,17,12,2,0,1,0,1,1,0,1,1,1,0,1,0,0,0,0,0,4,8,17,12,1,0,1,1,1,0,0,2,8,166.3556539
2.02E+11,1.00E+00,3,65,2851,65,1,9,2,2,0,0,2,0,1,2,2018,4,20,10,12,2,1,6,0,2,3,0,1,3,10,0,10,0,0,0,0,0,4,20,10,12,6,0,2,3,10,1,1,2,13,167.7678594
2.02E+11,1.00E+00,3,62,565,62,2,5,1,1,0,0,2,0,1,2,2018,2,14,31,31,2,3,0,0,1,1,0,4,1,10,0,10,0,0,0,0,0,2,14,31,31,0,0,1,1,10,3,2,2,18,27.35125562
2.02E+11,1.00E+00,3,63,2907,63,2,7,1,1,0,0,2,0,0,1,2018,5,8,28,50,2,0,0,0,1,1,0,1,1,1,0,1,0,0,0,0,0,5,8,28,50,0,0,1,1,1,0,0,2,16,130.4288927
2.02E+11,1.00E+00,2,25,2091,25,1,8,2,1,1,0,1,2,2,2,2018,6,15,40,14,2,1,0,0,1,1,0,2,1,1,0,1,0,0,0,0,0,6,15,40,14,0,0,1,1,1,1,2,2,8,156.6473085
2.02E+11,1.00E+00,3,63,2907,63,2,9,2,2,0,0,4,0,0,1,2018,6,14,22,12,2,0,1,0,2,3,0,1,1,1,0,1,0,0,0,0,0,6,14,22,12,1,0,2,1,1,0,0,2,16,165.9362934
2.02E+11,1.00E+00,4,44,388,44,2,6,2,2,0,0,3,0,1,2,2018,3,12,33,12,2,1,1,0,3,98,0,1,1,98,0,98,0,0,0,0,0,3,12,33,12,1,0,3,1,1,1,1,2,25,71.64648288
2.02E+11,1.00E+00,4,44,388,44,2,3,1,1,0,0,1,0,1,1,2018,4,15,37,1,2,1,0,0,1,1,0,1,1,98,0,98,0,0,0,0,0,4,15,37,1,0,0,1,1,10,1,1,2,25,27.79857154
2.02E+11,1.00E+00,4,44,388,44,2,2,1,1,0,1,1,1,1,2,2018,4,14,5,8,2,1,0,0,3,98,0,1,1,98,0,98,0,0,0,0,0,4,14,5,8,0,0,3,1,2,1,1,2,25,29.54188634
2.02E+11,1.00E+00,2,25,2091,25,1,10,2,1,1,0,1,0,0,2,2018,6,17,38,14,2,0,0,0,8,1,0,7,1,1,0,1,0,0,0,0,0,6,17,38,14,0,0,8,1,1,0,0,2,8,233.2764015
2.02E+11,1.00E+00,3,17,1053,17,1,9,3,3,0,0,4,0,0,1,2018,3,14,53,12,2,0,1,0,2,98,0,1,1,1,0,1,0,0,0,0,0,3,14,53,12,1,0,2,1,1,0,0,2,15,171.5466983
2.02E+11,1.00E+00,3,62,565,62,2,7,1,1,0,0,1,0,0,2,2018,4,7,26,59,2,0,0,8,3,3,0,4,1,2,0,2,0,0,0,0,0,4,7,26,59,0,0,3,1,2,0,0,2,18,132.458667
2.02E+11,1.00E+00,4,44,388,44,2,9,2,2,0,0,2,0,0,2,2018,1,12,23,12,2,0,6,0,2,98,0,1,1,98,0,98,0,0,0,0,0,1,12,23,12,6,0,2,1,1,0,0,2,25,168.0076528
2.02E+11,1.00E+00,3,62,565,62,2,4,1,1,0,0,1,0,1,2,2018,4,15,55,35,2,3,0,0,1,1,0,4,1,2,0,2,0,0,0,0,0,4,15,55,35,0,0,1,1,2,3,1,2,18,19.92979799
2.02E+11,1.00E+00,2,25,2091,25,1,9,2,2,0,0,2,0,0,2,2018,6,19,43,12,2,0,10,0,8,1,0,1,2,1,0,1,0,0,0,0,0,6,19,43,12,10,0,8,2,1,0,0,2,8,166.8760737
2.02E+11,1.00E+00,4,44,388,44,2,9,2,2,0,0,2,0,0,1,2018,6,21,50,12,2,0,6,0,2,98,0,1,3,98,0,98,0,0,0,0,0,6,21,50,12,6,0,2,3,1,0,0,2,25,168.0076528
2.02E+11,1.00E+00,4,44,388,44,2,8,2,2,0,0,2,0,1,2,2018,7,22,58,12,2,1,6,0,2,98,0,1,3,98,0,98,0,0,0,0,0,7,22,58,12,6,0,2,3,1,1,1,2,25,156.5549779
2.02E+11,1.00E+00,4,44,388,44,2,8,1,1,0,0,1,0,1,1,2018,1,9,21,33,2,2,0,0,1,1,0,4,1,4,3,4,0,0,0,0,0,1,9,21,33,0,0,1,1,4,2,1,2,25,156.5549779
2.02E+11,1.00E+00,4,44,388,44,2,8,2,2,0,0,2,0,2,2,2018,6,19,2,12,2,2,6,0,8,1,0,1,3,98,0,98,0,0,0,0,0,6,19,2,12,6,0,8,3,1,2,2,2,25,156.5549779
2.02E+11,1.00E+00,3,63,2907,63,2,8,2,2,0,0,3,0,1,1,2018,2,16,10,12,2,1,1,0,8,1,0,1,1,1,0,1,0,0,0,0,0,2,16,10,12,1,0,8,1,1,1,1,2,16,155.171649
2.02E+11,1.00E+00,2,67,1925,67,1,6,2,2,0,0,2,0,1,1,2018,5,11,45,12,9,1,1,0,1,1,0,1,1,10,0,10,0,0,0,0,0,5,11,45,12,1,0,1,1,10,1,1,2,8,65.9008896
2.02E+11,1.00E+00,3,63,2907,63,2,10,2,2,0,0,2,0,0,1,2018,2,13,35,12,2,0,6,0,8,1,0,1,1,1,0,1,0,0,0,0,0,2,13,35,12,6,0,8,1,1,0,0,2,16,230.5853558
2.02E+11,1.00E+00,2,67,1925,67,1,10,2,2,0,0,3,0,0,1,2018,6,19,29,12,2,0,1,8,8,1,0,1,3,4,0,4,0,0,0,0,0,6,19,29,12,1,0,8,3,4,0,0,2,8,233.9772104
2.02E+11,1.00E+00,4,44,388,44,2,10,1,1,0,0,1,0,0,2,2018,1,13,47,33,2,0,0,0,3,98,0,4,1,4,0,4,0,0,0,0,0,1,13,47,33,0,0,3,1,4,0,0,2,25,232.5053513
2.02E+11,1.00E+00,2,67,1925,67,1,5,2,2,0,0,3,0,1,1,2018,3,16,5,12,2,3,6,8,2,3,0,1,1,1,0,1,0,0,0,0,0,3,16,5,12,6,0,2,1,1,3,1,2,8,26.94965436
2.02E+11,1.00E+00,2,67,1925,67,1,4,2,2,0,0,2,0,1,1,2018,3,20,40,12,2,3,6,8,2,2,0,1,3,10,0,10,0,0,0,0,0,3,20,40,12,6,0,2,3,10,3,1,2,8,24.51454244
2.02E+11,1.00E+00,3,17,1053,17,1,10,2,2,0,0,2,0,0,1,2018,3,16,32,12,2,0,6,0,2,98,0,1,1,1,0,1,0,0,0,0,0,3,16,32,12,6,0,2,1,1,0,0,2,15,238.546544
2.02E+11,1.00E+00,2,25,2091,25,1,10,1,1,0,0,1,0,0,2,2018,2,4,10,11,2,0,0,0,1,1,0,1,2,10,0,10,0,0,0,0,0,2,4,10,11,0,0,1,2,10,0,0,2,8,233.2764015
2.02E+11,1.00E+00,4,44,388,44,2,10,2,2,0,0,2,0,0,2,2018,4,7,48,12,2,0,1,0,3,98,0,1,1,98,0,98,0,0,0,0,0,4,7,48,12,1,0,3,1,10,0,0,2,25,232.5053513
2.02E+11,1.00E+00,4,44,388,44,2,10,1,1,0,0,1,0,0,2,2018,5,0,16,24,2,0,0,0,1,1,0,4,3,98,0,98,0,0,0,0,0,5,0,16,24,0,0,1,3,10,0,0,2,25,232.5053513
2.02E+11,1.00E+00,2,27,892,27,1,5,1,1,0,0,1,0,1,2,2018,7,18,2,33,1,3,0,0,1,1,0,4,2,10,0,10,0,0,0,0,0,7,18,2,33,0,0,1,2,10,3,1,1,6,26.33973192
2.02E+11,1.00E+00,3,17,1053,17,1,6,2,2,0,0,2,0,2,1,2018,3,17,20,12,2,1,2,0,8,1,0,1,5,1,0,1,0,0,0,0,0,3,17,20,12,2,0,8,5,1,1,2,2,15,68.03654189
2.02E+11,1.00E+00,3,62,618,62,2,2,1,1,0,1,1,1,1,2,2018,4,16,30,8,2,3,0,0,8,1,0,3,1,2,0,2,0,0,0,0,0,4,16,30,8,0,0,8,1,2,3,1,2,18,28.14914741
2.02E+11,1.00E+00,4,44,388,44,2,10,1,1,0,0,1,0,99,1,2018,7,22,5,42,2,9,0,0,1,1,0,4,3,98,0,98,0,0,0,0,0,7,22,5,42,0,0,1,3,1,0,0,2,25,232.5053513
2.02E+11,1.00E+00,4,44,388,44,2,10,2,2,0,0,3,0,0,2,2018,6,15,14,12,2,0,6,0,2,98,0,1,1,98,0,98,0,0,0,0,0,6,15,14,12,6,0,2,1,1,0,0,2,25,232.5053513
2.02E+11,1.00E+00,2,27,892,27,1,10,1,1,0,0,2,0,99,2,2018,4,1,3,33,2,9,0,0,1,1,0,4,2,4,0,4,0,0,0,0,0,4,1,3,33,0,0,1,2,4,0,0,2,6,230.8028013
2.02E+11,1.00E+00,2,67,1925,67,1,5,3,3,0,0,4,0,2,1,2018,6,16,55,12,2,3,1,0,1,1,0,1,1,1,0,1,0,1,0,0,0,6,16,55,12,1,0,1,1,1,3,2,2,8,26.94965436
2.02E+11,1.00E+00,2,67,1925,67,1,8,2,2,0,0,3,0,1,1,2018,2,8,34,12,2,1,6,8,2,2,0,1,1,10,0,10,0,0,0,0,0,2,8,34,12,6,0,2,1,10,2,2,2,8,157.3009051
2.02E+11,1.00E+00,3,54,526,54,1,5,1,1,0,0,2,0,2,2,2018,4,17,5,42,1,3,0,0,1,1,0,4,1,10,0,10,0,0,0,0,0,4,17,5,42,0,0,1,1,10,3,2,1,14,47.6446141
2.02E+11,1.00E+00,2,27,892,27,1,9,2,2,0,0,4,0,0,2,2018,1,15,21,12,2,0,9,0,8,1,0,1,1,4,0,4,0,0,0,0,0,1,15,21,12,9,0,8,1,4,0,0,2,6,164.3174014
2.02E+11,1.00E+00,2,25,2091,25,1,10,2,2,0,0,2,0,0,2,2018,2,12,15,12,2,0,6,0,4,1,0,1,1,1,0,1,0,0,0,0,0,2,12,15,12,6,0,4,1,1,0,0,2,8,233.2764015
2.02E+11,1.00E+00,1,22,1259,22,2,10,1,1,0,0,1,0,0,3,2018,4,18,23,11,2,0,0,0,1,1,0,1,2,1,0,1,0,0,0,0,0,4,18,23,11,0,0,1,2,1,0,0,2,5,246.4611714
2.02E+11,1.00E+00,2,67,1925,67,1,6,2,2,0,0,2,0,1,1,2018,4,8,29,12,2,1,6,8,2,3,0,1,1,1,0,1,0,0,0,0,0,4,8,29,12,6,0,2,1,1,1,1,2,8,65.9008896
2.02E+11,1.00E+00,2,25,2091,25,1,7,2,2,0,0,2,0,1,2,2018,2,15,45,12,2,1,6,0,2,2,0,1,1,1,0,1,0,0,0,0,0,2,15,45,12,6,0,2,1,1,1,1,2,8,132.193686
2.02E+11,1.00E+00,2,27,892,27,1,8,2,2,0,0,2,0,1,2,2018,4,17,45,12,2,2,1,0,3,3,0,1,2,1,0,1,0,0,0,0,0,4,17,45,12,1,0,3,2,1,2,1,2,6,153.3553805
2.02E+11,1.00E+00,2,67,1933,67,1,9,2,2,0,0,2,0,0,1,2018,5,7,15,12,2,0,7,8,3,2,0,1,4,10,0,10,0,0,0,0,0,5,7,15,12,7,0,3,4,10,0,0,2,8,166.3556539
2.02E+11,1.00E+00,2,67,1933,67,1,10,3,3,0,0,3,0,0,1,2018,6,17,42,12,2,0,1,0,1,1,0,1,3,1,0,1,0,0,0,0,0,6,17,42,12,1,0,1,3,1,0,0,2,8,233.9772104
2.02E+11,1.00E+00,2,25,2091,25,1,9,1,1,0,0,2,0,0,2,2018,3,0,18,11,2,0,0,0,1,1,0,1,3,1,0,1,0,1,0,0,0,3,0,18,11,0,0,1,3,1,0,0,2,8,166.8760737
2.02E+11,1.00E+00,2,67,1933,67,1,9,2,2,0,0,2,0,0,1,2018,5,13,15,12,2,0,6,8,2,3,0,1,1,2,0,2,0,0,0,0,0,5,13,15,12,6,0,2,1,2,0,0,2,8,166.3556539
2.02E+11,1.00E+00,3,54,526,54,1,5,1,1,0,0,2,0,1,2,2018,5,7,0,42,2,3,0,8,3,3,0,4,2,5,0,5,0,0,0,0,0,5,7,0,42,0,1,3,2,5,3,1,2,14,47.6446141
2.02E+11,1.00E+00,3,54,526,54,1,9,2,2,0,0,2,0,0,2,2018,5,14,4,12,2,0,7,0,1,1,0,1,1,10,0,10,0,0,0,0,0,5,14,4,12,7,0,1,1,10,0,0,2,14,170.6048825
2.02E+11,1.00E+00,3,38,508,38,1,10,1,1,0,0,1,0,0,1,2018,4,20,28,11,2,0,0,0,1,1,0,1,2,1,0,1,0,0,0,0,0,4,20,28,11,0,0,1,2,1,0,0,2,14,239.7134984
2.02E+11,1.00E+00,2,25,2091,25,1,8,1,1,0,0,1,0,1,2,2018,3,1,52,53,1,1,0,0,1,1,0,4,2,1,0,1,0,0,0,0,0,3,1,52,53,0,0,1,2,1,1,1,1,8,156.6473085
2.02E+11,1.00E+00,3,63,2907,63,2,8,2,2,0,0,2,0,1,1,2018,4,12,12,12,2,1,1,0,3,98,0,1,1,1,0,1,0,0,0,0,0,4,12,12,12,1,0,3,1,1,1,1,2,16,155.171649
2.02E+11,1.00E+00,3,63,2907,63,2,6,3,3,0,0,4,0,2,1,2018,4,8,55,12,2,2,1,0,3,98,0,1,1,1,0,1,0,0,0,0,0,4,8,55,12,1,0,3,1,1,2,2,2,16,66.29050598
2.02E+11,1.00E+00,2,67,1933,67,1,7,2,1,1,0,1,0,0,1,2018,3,10,30,14,2,0,0,8,8,1,0,7,1,1,0,1,0,0,0,0,0,3,10,30,14,0,0,8,1,1,0,0,2,8,131.6995163
2.02E+11,1.00E+00,3,51,1114,51,1,9,1,1,0,0,1,0,0,2,2018,3,12,10,34,2,0,0,0,1,1,0,4,1,10,0,10,0,0,0,0,0,3,12,10,34,0,0,1,1,10,0,0,2,10,170.9125413
2.02E+11,1.00E+00,3,51,1098,51,1,6,2,2,0,0,4,0,1,2,2018,4,21,21,12,2,1,1,0,1,1,0,1,3,1,0,1,0,0,0,0,0,4,21,21,12,1,0,1,3,1,1,1,2,10,67.85786884
2.02E+11,1.00E+00,2,67,1933,67,1,6,2,2,0,0,3,0,1,1,2018,3,19,6,12,2,1,1,0,1,1,0,1,3,1,0,1,0,0,0,0,0,3,19,6,12,1,0,1,3,1,1,1,2,8,65.90088957
2.02E+11,1.00E+00,2,27,892,27,1,4,2,2,0,0,4,0,4,2,2018,2,10,22,12,9,3,6,0,2,98,0,1,1,1,0,1,0,0,0,0,0,2,10,22,12,6,0,2,1,1,3,4,1,6,13.59184539
2.02E+11,1.00E+00,3,38,508,38,1,5,1,1,0,0,6,0,6,1,2018,1,19,27,34,2,3,0,0,1,1,0,4,2,2,0,2,0,0,0,0,0,1,19,27,34,0,0,1,2,2,3,6,2,14,26.85170519
2.02E+11,1.00E+00,2,67,1933,67,1,10,2,2,0,0,2,0,0,1,2018,4,17,19,12,2,0,6,8,2,2,0,1,1,1,0,1,0,0,0,0,0,4,17,19,12,6,0,2,1,1,0,0,2,8,233.9772104
2.02E+11,1.00E+00,3,54,526,54,1,10,2,2,0,0,2,0,0,2,2018,1,18,0,12,2,0,6,8,2,3,0,1,1,1,0,1,0,0,0,0,0,1,18,0,12,6,0,2,1,1,0,0,2,14,238.1588224
2.02E+11,1.00E+00,3,65,2855,65,1,4,2,2,0,0,2,0,1,2,2018,3,5,51,12,2,3,1,0,1,1,0,1,3,1,0,1,0,0,0,0,0,3,5,51,12,1,0,1,3,1,3,2,2,13,12.95809318
2.02E+11,1.00E+00,2,25,2091,25,1,6,4,4,0,0,4,0,2,2,2018,3,7,55,12,2,1,1,0,1,1,0,1,1,1,0,1,0,0,28,0,0,3,7,55,12,1,0,1,1,1,1,2,2,8,67.43645723
2.02E+11,1.00E+00,2,25,2091,25,1,9,2,2,0,0,2,0,0,2,2018,3,9,37,12,2,0,6,0,2,3,0,1,1,1,0,1,0,0,0,0,0,3,9,37,12,6,0,2,1,1,0,0,2,8,166.8760737
2.02E+11,1.00E+00,3,65,2855,65,1,9,1,1,0,0,1,0,0,2,2018,4,23,0,58,2,0,0,0,3,3,0,4,3,2,0,2,0,0,0,0,0,4,23,0,58,0,0,3,3,2,0,0,2,13,167.7678595
2.02E+11,1.00E+00,3,54,526,54,1,5,2,2,0,0,4,0,3,2,2018,2,16,0,12,2,3,6,8,2,2,0,1,1,10,0,10,0,0,0,0,0,2,16,0,12,6,0,2,1,10,3,3,2,14,47.6446141
2.02E+11,1.00E+00,2,25,2091,25,1,10,1,1,0,0,1,0,0,2,2018,3,23,21,33,1,0,0,0,1,1,0,4,2,1,0,1,0,0,0,0,0,3,23,21,33,0,0,1,2,1,0,0,1,8,233.2764015
2.02E+11,1.00E+00,3,83,2811,83,1,6,2,2,0,0,5,0,1,1,2018,5,9,55,12,2,1,6,0,2,2,0,1,1,1,0,1,0,0,0,0,0,5,9,55,12,6,0,2,1,1,1,1,2,13,69.25332959
2.02E+11,1.00E+00,3,54,526,54,1,5,3,3,0,0,3,0,1,2,2018,3,6,45,12,2,3,6,8,2,2,0,1,2,1,0,1,0,0,0,0,0,3,6,45,12,6,0,2,2,1,3,1,2,14,47.6446141
2.02E+11,1.00E+00,3,83,2811,83,1,10,1,1,0,0,1,0,0,1,2018,6,6,30,42,2,0,0,0,1,1,0,4,2,4,0,4,0,0,0,0,0,6,6,30,42,0,0,1,2,4,0,0,2,13,239.7806842
2.02E+11,1.00E+00,2,67,1933,67,1,8,2,2,0,0,2,0,1,1,2018,6,13,10,12,2,2,6,8,2,2,0,1,1,1,0,1,0,0,0,0,0,6,13,10,12,6,0,2,1,1,2,1,2,8,157.3009051
2.02E+11,1.00E+00,2,67,1933,67,1,9,2,2,0,0,3,0,0,1,2018,6,16,55,12,2,0,1,0,1,1,0,1,1,1,0,1,0,0,0,0,0,6,16,55,12,1,0,1,1,1,0,0,2,8,166.3556539
2.02E+11,1.00E+00,3,54,526,54,1,5,1,1,0,0,1,0,1,2,2018,7,16,30,59,2,3,0,0,1,1,0,4,1,10,0,10,0,0,0,0,0,7,16,30,59,0,0,1,1,10,3,1,2,14,47.6446141
2.02E+11,1.00E+00,3,54,526,54,1,5,2,2,0,0,5,0,2,2,2018,7,18,56,12,2,3,6,8,2,2,0,1,2,10,0,10,0,0,0,0,0,7,18,56,12,6,0,2,2,10,3,3,2,14,47.6446141
2.02E+11,1.00E+00,3,54,526,54,1,3,2,2,0,0,4,0,3,2,2018,7,18,59,12,2,3,2,0,8,1,0,1,1,10,0,10,0,0,0,0,0,7,18,59,12,2,0,8,1,10,3,3,2,14,47.6446141
2.02E+11,1.00E+00,2,25,2091,25,1,10,2,2,0,0,2,0,0,2,2018,5,18,30,12,2,0,6,0,2,2,0,1,3,2,0,2,0,0,0,0,0,5,18,30,12,6,0,2,3,2,0,0,2,8,233.2764015
2.02E+11,1.00E+00,2,67,1930,67,1,9,2,2,0,0,2,0,0,1,2018,4,10,0,12,2,0,1,8,3,2,0,1,1,10,0,10,0,0,0,0,0,4,10,0,12,1,0,3,1,10,0,0,2,8,166.3556539
2.02E+11,1.00E+00,2,67,1930,67,1,6,3,3,0,0,3,0,1,1,2018,4,10,26,12,2,1,6,8,2,2,0,1,1,10,0,10,0,0,0,0,0,4,10,26,12,6,0,2,1,10,1,1,2,8,65.9008896
2.02E+11,1.00E+00,2,25,2091,25,1,8,2,2,0,0,2,0,1,2,2018,5,22,16,12,2,1,6,0,2,2,0,1,3,2,0,2,0,0,0,0,0,5,22,16,12,6,0,2,3,2,1,1,2,8,156.6473085
2.02E+11,1.00E+00,2,25,2091,25,1,9,2,2,0,0,2,0,0,2,2018,6,12,50,12,2,0,1,0,1,1,0,1,1,10,0,10,0,0,0,0,0,6,12,50,12,1,0,1,1,10,0,0,2,8,166.8760737
2.02E+11,1.00E+00,3,65,2854,65,1,10,1,1,0,0,2,0,0,1,2018,2,5,24,38,2,0,0,0,3,3,0,4,3,1,0,1,0,0,0,0,0,2,5,24,38,0,0,3,3,1,0,0,2,13,232.6913404
2.02E+11,1.00E+00,3,83,2811,83,1,8,1,1,0,0,1,0,1,1,2018,4,12,5,33,2,1,0,0,1,1,0,3,1,8,0,8,0,0,0,0,0,4,12,5,33,0,0,1,1,8,1,1,2,13,163.0851708
2.02E+11,1.00E+00,3,83,2811,83,1,9,2,2,0,0,2,0,0,1,2018,4,12,15,12,2,0,8,0,1,1,0,1,1,4,0,4,0,0,0,0,0,4,12,15,12,8,0,1,1,4,0,0,2,13,170.5424067
2.02E+11,1.00E+00,3,54,526,54,1,10,1,1,0,0,1,0,0,2,2018,4,17,12,34,2,0,0,0,1,1,0,4,1,2,0,2,0,0,0,0,0,4,17,12,34,0,0,1,1,2,0,0,2,14,238.1588224
2.02E+11,1.00E+00,2,25,2091,25,1,10,2,2,0,0,4,0,0,2,2018,6,21,19,12,2,0,6,0,2,2,0,1,3,1,0,1,0,0,0,0,0,6,21,19,12,6,0,2,3,1,0,0,2,8,233.2764015
2.02E+11,1.00E+00,2,67,1930,67,1,6,3,3,0,0,3,0,1,1,2018,3,7,1,12,2,1,6,8,2,3,0,1,3,1,0,1,0,0,0,0,0,3,7,1,12,6,0,2,3,1,1,1,2,8,65.9008896
2.02E+11,1.00E+00,2,67,1930,67,1,10,2,2,0,0,2,0,0,1,2018,3,17,5,12,2,0,6,8,8,1,0,11,5,10,0,10,0,0,0,0,0,3,17,5,12,6,0,8,5,10,0,0,2,8,233.9772103
2.02E+11,1.00E+00,4,41,165,41,1,2,1,1,0,1,1,1,1,2,2018,7,17,9,9,2,1,0,8,98,1,0,1,1,1,0,1,0,0,0,0,0,7,17,9,9,0,0,8,1,1,1,1,2,22,32.44385919