CASENUM,SURVIVED,REGION,PSU,PJ,PSU_VAR,URBANICITY,STRATUM,VE_TOTAL,VE_FORMS,PVH_INVL,PEDS,PERMVIT,PERNOTMVIT,NUM_INJ,MONTH,YEAR,DAY_WEEK,HOUR,MINUTE,HARM_EV,ALCOHOL,MAX_SEV,MAN_COLL,RELJCT1,RELJCT2,TYP_INT,WRK_ZONE,REL_ROAD,LGT_COND,WEATHER1,WEATHER2,WEATHER,SCH_BUS,INT_HWY,CF1,CF2,CF3,WKDY_IM,HOUR_IM,MINUTE_IM,EVENT1_IM,MANCOL_IM,RELJCT1_IM,RELJCT2_IM,LGTCON_IM,WEATHR_IM,MAXSEV_IM,NO_INJ_IM,ALCHL_IM,PSUSTRAT,WEIGHT
2.02E+11,1.00E+00,3,63,2907,63,2,9,2,2,0,0,3,0,0,3,2018,7,10,5,12,2,0,1,0,3,3,0,1,1,1,0,1,0,0,0,0,0,7,10,5,12,1,0,3,1,1,0,0,2,16,165.9362934
2.02E+11,1.00E+00,3,33,1484,33,1,5,2,2,0,0,2,0,0,2,2018,7,15,37,12,2,0,1,0,1,1,0,1,1,2,0,2,0,0,0,0,0,7,15,37,12,1,0,1,1,2,0,0,2,11,27.30977254
2.02E+11,1.00E+00,3,63,2907,63,2,6,1,1,0,0,1,0,1,3,2018,1,13,55,30,2,2,0,0,1,1,0,4,1,1,0,1,0,0,0,0,0,1,13,55,30,0,0,1,1,1,2,1,2,16,66.29050598
2.02E+11,1.00E+00,3,63,2907,63,2,8,2,2,0,0,3,0,2,3,2018,1,11,34,12,2,1,7,0,3,2,0,1,1,10,0,10,0,0,0,0,0,1,11,34,12,7,0,3,1,10,1,2,2,16,155.171649
2.02E+11,1.00E+00,2,29,965,29,1,10,2,2,0,0,2,0,0,1,2018,4,8,22,12,2,0,6,0,2,3,0,1,2,1,0,1,0,0,0,0,0,4,8,22,12,6,0,2,2,1,0,0,2,7,228.9018482
2.02E+11,1.00E+00,2,29,954,29,1,7,1,1,0,0,1,0,0,1,2018,3,7,59,30,2,0,0,0,1,1,0,4,1,1,0,1,0,0,0,0,0,3,7,59,30,0,0,1,1,1,0,0,2,7,129.6195725
2.02E+11,1.00E+00,2,29,954,29,1,7,1,1,0,0,2,0,0,1,2018,4,13,36,50,2,0,0,0,1,1,0,1,1,1,0,1,0,0,0,0,0,4,13,36,50,0,0,1,1,1,0,0,2,7,129.6195725
2.02E+11,1.00E+00,2,29,954,29,1,7,2,2,0,0,2,0,0,1,2018,4,7,35,12,2,0,6,0,8,1,0,1,1,3,0,3,0,0,0,0,0,4,7,35,12,6,0,8,1,3,0,0,2,7,129.6195725
2.02E+11,1.00E+00,2,29,954,29,1,8,1,1,0,0,1,0,1,1,2018,4,18,31,30,2,2,0,0,8,1,0,4,3,1,0,1,0,0,21,0,0,4,18,31,30,0,0,8,3,1,2,1,2,7,157.5597723
2.02E+11,1.00E+00,3,65,2854,65,1,6,2,2,0,0,2,0,2,1,2018,4,15,54,12,2,1,6,0,2,3,0,1,1,1,0,1,0,0,0,0,0,4,15,54,12,6,0,2,1,1,1,2,2,13,68.2428633
2.02E+11,1.00E+00,2,29,954,29,1,10,1,1,0,0,1,0,0,1,2018,4,2,33,11,2,0,0,0,1,1,0,1,2,2,0,2,0,0,0,0,0,4,2,33,11,0,0,1,2,2,0,0,2,7,228.9018481
2.02E+11,1.00E+00,3,33,1484,33,1,10,2,1,1,0,1,0,0,2,2018,7,22,53,14,2,0,0,0,3,3,0,2,2,10,2,2,0,0,0,0,0,7,22,53,14,0,0,3,2,2,0,0,2,11,239.5108657
2.02E+11,1.00E+00,2,29,954,29,1,9,2,2,0,0,2,0,0,1,2018,3,22,7,12,2,0,7,0,5,1,0,1,2,1,0,1,0,1,0,0,0,3,22,7,12,7,0,5,2,1,0,0,2,7,164.6544821
2.02E+11,1.00E+00,3,54,517,54,1,6,2,2,0,0,5,0,2,2,2018,7,13,29,12,2,2,1,0,1,1,0,1,1,10,0,10,0,0,0,0,0,7,13,29,12,1,0,1,1,10,2,2,2,14,68.54769642
2.02E+11,1.00E+00,2,29,954,29,1,6,2,2,0,0,5,0,2,1,2018,6,16,2,12,2,2,6,0,2,98,0,1,1,1,0,1,0,0,0,0,0,6,16,2,12,6,0,2,1,1,2,2,2,7,102.3537497
2.02E+11,1.00E+00,2,29,954,29,1,9,2,2,0,0,2,0,0,1,2018,5,5,24,12,2,0,6,0,1,1,0,1,3,1,0,1,0,0,0,0,0,5,5,24,12,6,0,1,3,1,0,0,2,7,164.6544821
2.02E+11,1.00E+00,2,29,954,29,1,10,2,2,0,0,4,0,0,1,2018,3,15,46,12,2,0,1,0,3,98,0,1,1,1,0,1,0,0,0,0,0,3,15,46,12,1,0,3,1,1,0,0,2,7,228.9018481
2.02E+11,1.00E+00,2,29,954,29,1,9,2,2,0,0,3,0,0,1,2018,3,18,24,12,2,0,1,0,3,2,0,1,2,4,0,4,0,0,0,0,0,3,18,24,12,1,0,3,2,4,0,0,2,7,164.6544821
2.02E+11,1.00E+00,2,29,954,29,1,9,2,2,0,0,2,0,0,1,2018,6,17,5,12,2,0,1,0,3,2,0,1,2,1,0,1,0,0,0,0,0,6,17,5,12,1,0,3,2,1,0,0,2,7,164.6544821
2.02E+11,1.00E+00,2,29,954,29,1,9,2,2,0,0,2,0,0,1,2018,6,18,38,12,2,0,1,0,3,2,0,1,3,1,0,1,0,0,0,0,0,6,18,38,12,1,0,3,3,1,0,0,2,7,164.6544821
2.02E+11,1.00E+00,3,63,2907,63,2,10,2,2,0,0,2,0,0,3,2018,4,20,16,12,2,0,1,0,3,2,0,1,3,1,0,1,0,0,0,0,0,4,20,16,12,1,0,3,3,1,0,0,2,16,230.5853558
2.02E+11,1.00E+00,1,76,2365,76,1,9,1,1,0,0,1,0,0,1,2018,6,5,8,24,2,0,0,0,1,1,0,4,2,2,0,2,0,0,0,0,0,6,5,8,24,0,0,1,2,2,0,0,2,2,181.4251434
2.02E+11,1.00E+00,1,76,2298,76,1,10,2,2,0,0,2,0,0,1,2018,6,15,13,12,2,0,6,0,2,2,0,1,1,2,0,2,0,0,0,0,0,6,15,13,12,6,0,2,1,2,0,0,2,2,255.632858
2.02E+11,1.00E+00,1,76,2292,76,1,8,1,1,0,0,1,0,1,1,2018,7,14,46,30,2,2,0,0,1,1,0,4,1,1,0,1,0,0,0,0,0,7,14,46,30,0,0,1,1,1,2,1,2,2,166.8376268
2.02E+11,1.00E+00,1,76,2292,76,1,10,1,1,0,0,2,0,0,1,2018,1,16,40,24,2,0,0,0,1,1,0,4,1,4,0,4,0,0,0,0,0,1,16,40,24,0,0,1,1,4,0,0,2,2,255.632858
2.02E+11,1.00E+00,1,76,2330,76,1,4,1,1,0,0,1,0,1,1,2018,5,14,40,33,2,3,0,0,3,3,0,4,1,1,0,1,0,0,0,0,0,5,14,40,33,0,0,3,1,1,3,1,2,2,14.48667867
2.02E+11,1.00E+00,1,76,2286,76,1,6,2,2,0,0,2,0,1,1,2018,5,22,5,12,2,5,6,0,8,1,0,1,3,2,0,2,0,0,0,0,0,5,22,5,12,6,0,8,3,2,5,1,2,2,71.09160671
2.02E+11,1.00E+00,1,76,2286,76,1,10,2,2,0,0,3,0,0,1,2018,6,13,0,12,2,0,6,0,2,2,0,1,1,1,0,1,0,0,0,0,0,6,13,0,12,6,0,2,1,1,0,0,2,2,255.6328581
2.02E+11,1.00E+00,1,76,2286,76,1,2,1,1,0,1,1,1,1,1,2018,6,19,30,8,2,3,0,0,3,2,0,1,3,2,0,2,0,0,0,0,0,6,19,30,8,0,0,3,3,2,3,1,2,2,31.92590327
2.02E+11,1.00E+00,3,62,543,62,2,10,2,2,0,0,3,0,0,3,2018,1,19,27,12,2,0,1,8,3,2,0,1,3,1,0,1,0,0,0,0,0,1,19,27,12,1,0,3,3,1,0,0,2,18,233.2197686
2.02E+11,1.00E+00,2,29,967,29,1,10,2,2,0,0,2,0,0,1,2018,6,21,15,12,2,0,6,0,2,2,0,1,3,1,0,1,0,0,0,0,0,6,21,15,12,6,0,2,3,1,0,0,2,7,228.9018481
2.02E+11,1.00E+00,2,29,967,29,1,5,2,2,0,0,3,0,3,1,2018,2,4,45,12,1,3,2,0,1,1,0,1,3,1,0,1,0,0,0,0,0,2,4,45,12,2,0,1,3,1,3,3,1,7,26.96163016
2.02E+11,1.00E+00,3,55,1056,55,2,8,1,1,0,0,1,0,1,2,2018,5,2,17,34,1,2,0,0,1,1,0,4,2,10,0,10,0,0,0,0,0,5,2,17,34,0,0,1,2,10,2,1,1,17,154.6972419
2.02E+11,1.00E+00,3,54,517,54,1,9,2,2,0,0,2,0,0,2,2018,2,8,42,12,2,0,1,8,3,2,0,1,1,2,0,2,0,0,0,0,0,2,8,42,12,1,0,3,1,2,0,0,2,14,170.6048825
2.02E+11,1.00E+00,3,62,542,62,2,10,2,2,0,0,3,0,0,3,2018,6,15,14,54,9,0,11,0,1,1,0,1,1,1,0,1,0,0,14,0,0,6,15,14,54,11,0,1,1,1,0,0,2,18,233.2197688
2.02E+11,1.00E+00,1,81,3119,81,2,2,1,1,0,1,1,1,1,3,2018,3,18,34,8,9,1,0,8,3,3,0,1,3,1,0,1,0,0,0,0,0,3,18,34,8,0,0,3,3,1,1,1,2,4,30.38922414
2.02E+11,1.00E+00,1,81,3119,81,2,10,2,2,0,0,2,0,0,3,2018,5,19,15,12,2,0,1,8,3,2,0,1,2,4,0,4,0,0,0,0,0,5,19,15,12,1,0,3,2,4,0,0,2,4,237.8444687
2.02E+11,1.00E+00,3,51,1098,51,1,10,2,2,0,0,3,0,0,1,2018,1,5,30,25,2,0,0,0,1,1,0,3,3,2,0,2,0,0,0,0,0,1,5,30,25,0,0,1,3,2,0,0,2,10,239.8061849
2.02E+11,1.00E+00,3,51,1098,51,1,9,2,2,0,0,2,0,0,1,2018,7,21,37,12,2,0,7,8,2,2,0,1,3,1,0,1,0,0,0,0,0,7,21,37,12,7,0,2,3,1,0,0,2,10,170.9125413
2.02E+11,1.00E+00,3,54,517,54,1,9,1,1,0,0,1,0,0,2,2018,3,16,39,30,2,0,0,8,3,2,0,4,1,1,0,1,0,0,0,0,0,3,16,39,30,0,0,3,1,1,0,0,2,14,170.6048825
2.02E+11,1.00E+00,2,29,967,29,1,9,2,2,0,0,2,0,0,1,2018,5,13,59,12,2,0,1,0,1,1,0,1,1,1,0,1,0,0,0,0,0,5,13,59,12,1,0,1,1,1,0,0,2,7,164.6544821
2.02E+11,1.00E+00,3,54,517,54,1,10,3,3,0,0,4,0,0,2,2018,4,19,56,12,2,0,1,8,3,98,0,1,3,1,0,1,0,0,0,0,0,4,19,56,12,1,0,3,3,1,0,0,2,14,238.1588224
2.02E+11,1.00E+00,2,29,967,29,1,6,1,1,0,0,1,0,1,1,2018,1,20,54,19,2,1,0,0,3,3,0,5,3,4,0,4,0,0,0,0,0,1,20,54,19,0,0,3,3,4,1,1,2,7,65.50257495
2.02E+11,1.00E+00,3,54,517,54,1,6,2,2,0,0,2,0,2,2,2018,6,7,15,12,2,1,6,0,2,2,0,1,1,10,0,10,0,0,0,0,0,6,7,15,12,6,0,2,1,10,1,2,2,14,68.54769642
2.02E+11,1.00E+00,3,83,2811,83,1,10,2,2,0,0,3,0,0,1,2018,4,18,33,12,2,0,1,0,1,1,0,1,3,1,0,1,0,0,0,0,0,4,18,33,12,1,0,1,3,1,0,0,2,13,239.7806842
2.02E+11,1.00E+00,3,62,565,62,2,10,1,1,0,0,1,0,0,3,2018,5,21,40,35,2,0,0,0,1,1,0,4,2,1,0,1,0,0,0,0,0,5,21,40,35,0,0,1,2,1,0,0,2,18,233.2197687
2.02E+11,1.00E+00,3,62,565,62,2,5,2,2,0,0,2,0,1,3,2018,7,17,20,12,2,3,1,0,1,1,0,1,1,1,0,1,0,1,0,0,0,7,17,20,12,1,0,1,1,1,3,1,2,18,27.35125562
2.02E+11,1.00E+00,4,41,160,41,1,9,2,2,0,0,2,0,0,2,2018,4,15,42,12,9,0,99,8,98,1,0,1,1,2,0,2,0,0,0,0,0,4,15,42,12,8,0,1,1,2,1,1,2,22,181.9225615
2.02E+11,1.00E+00,3,54,517,54,1,6,2,2,0,0,2,0,1,2,2018,6,19,13,12,2,1,1,0,1,1,0,1,2,1,0,1,0,0,0,0,0,6,19,13,12,1,0,1,2,1,1,1,2,14,68.54769642
2.02E+11,1.00E+00,4,41,160,41,1,5,2,2,0,0,4,0,1,2,2018,5,13,55,12,2,3,6,8,2,3,0,1,1,1,0,1,0,0,0,0,0,5,13,55,12,6,0,2,1,1,3,1,2,22,29.018941
2.02E+11,1.00E+00,4,41,160,41,1,10,1,1,0,0,1,0,0,2,2018,6,13,32,18,2,0,0,8,20,1,0,1,1,10,0,10,0,0,0,0,0,6,13,32,18,0,1,20,1,10,0,0,2,22,257.7043256
2.02E+11,1.00E+00,3,62,618,62,2,10,2,2,0,0,2,0,0,3,2018,5,22,45,12,2,0,6,8,2,2,0,1,2,10,0,10,0,0,0,0,0,5,22,45,12,6,0,2,2,10,0,0,2,18,233.2197687
2.02E+11,1.00E+00,3,83,2809,83,1,9,2,2,0,0,2,0,0,1,2018,5,6,0,12,2,0,7,8,98,1,0,1,2,10,0,10,0,0,0,0,0,5,6,0,12,7,0,1,2,10,0,0,2,13,170.5424068
2.02E+11,1.00E+00,3,38,573,38,1,9,2,2,0,0,2,0,0,2,2018,1,10,16,12,2,0,1,8,3,3,0,1,1,2,0,2,0,0,0,0,0,1,10,16,12,1,0,3,1,2,0,0,2,14,170.6493625
2.02E+11,1.00E+00,4,41,160,41,1,6,2,2,0,0,3,0,1,2,2018,5,7,6,12,2,1,7,8,98,1,0,1,1,1,0,1,0,0,0,0,0,5,7,6,12,7,0,1,1,1,1,1,2,22,72.54516698
2.02E+11,1.00E+00,4,41,160,41,1,9,3,3,0,0,3,0,0,2,2018,2,8,2,12,2,0,1,8,98,1,0,1,1,1,0,1,0,0,0,0,0,2,8,2,12,1,0,1,1,1,0,0,2,22,181.9225615
2.02E+11,1.00E+00,3,83,2807,83,1,7,2,2,0,0,3,0,0,1,2018,5,14,0,12,2,0,6,0,8,1,0,1,1,2,0,2,1,0,0,0,0,5,14,0,12,6,0,8,1,2,0,0,2,13,133.7891231
2.02E+11,1.00E+00,3,62,618,62,2,9,2,2,0,0,3,0,0,3,2018,7,15,30,12,2,0,7,0,1,1,0,1,1,1,0,1,0,0,0,0,0,7,15,30,12,7,0,1,1,1,0,0,2,18,168.3928505
2.02E+11,1.00E+00,4,41,160,41,1,8,2,2,0,0,4,0,3,2,2018,4,16,46,12,2,1,7,8,98,1,0,1,1,1,0,1,0,0,0,0,0,4,16,46,12,7,0,1,1,1,1,3,2,22,172.3259229
2.02E+11,1.00E+00,3,55,1056,55,2,8,1,1,0,0,1,0,1,3,2018,1,9,0,32,2,1,0,0,1,1,0,4,1,1,0,1,0,0,0,0,0,1,9,0,32,0,0,1,1,1,1,1,2,17,154.6972419
2.02E+11,1.00E+00,3,55,1069,55,2,7,2,2,0,0,2,0,0,2,2018,6,9,13,12,2,0,1,0,1,1,0,1,1,1,0,1,0,0,0,0,0,6,9,13,12,1,0,1,1,1,0,0,2,17,130.5725127
2.02E+11,1.00E+00,3,55,1075,55,2,9,2,2,0,0,5,0,0,3,2018,3,16,36,12,2,0,6,0,2,3,0,1,1,1,0,1,0,0,0,0,0,3,16,36,12,6,0,2,1,1,0,0,2,17,169.9621309
2.02E+11,1.00E+00,3,55,1069,55,2,4,2,2,0,0,4,0,4,3,2018,6,7,35,12,2,4,8,0,1,1,0,1,1,1,0,1,0,0,0,0,0,6,7,35,12,8,0,1,1,1,4,4,2,17,40.71374912
2.02E+11,1.00E+00,3,55,1075,55,2,8,2,2,0,0,5,0,3,3,2018,4,14,55,12,2,1,8,0,8,1,0,1,1,1,0,1,0,0,0,0,0,4,14,55,12,8,0,8,1,1,1,3,2,17,154.6972419
2.02E+11,1.00E+00,3,55,1069,55,2,8,2,2,0,0,5,0,1,3,2018,5,21,0,12,2,1,8,0,1,1,0,1,2,1,0,1,0,0,0,0,0,5,21,0,12,8,0,1,2,1,1,1,2,17,154.6972419
2.02E+11,1.00E+00,3,55,1056,55,2,10,1,1,0,0,1,0,0,3,2018,6,17,27,34,2,0,0,0,1,1,0,4,1,1,0,1,0,0,0,0,0,6,17,27,34,0,0,1,1,1,0,0,2,17,240.7697066
2.02E+11,1.00E+00,3,32,2802,32,2,9,2,2,0,0,2,0,0,1,2018,1,23,0,12,2,0,6,8,8,1,0,1,3,1,0,1,0,0,0,0,0,1,23,0,12,6,0,8,3,1,0,0,2,17,168.3067344
2.02E+11,1.00E+00,3,32,2802,32,2,10,1,1,0,0,1,0,0,1,2018,2,10,39,34,2,0,0,0,1,1,0,4,1,8,0,8,0,0,0,0,0,2,10,39,34,0,0,1,1,8,0,0,2,17,232.7173336
2.02E+11,1.00E+00,3,32,2802,32,2,6,2,2,0,0,2,0,1,1,2018,2,10,53,12,2,1,1,0,1,1,0,1,1,3,0,3,0,0,19,27,0,2,10,53,12,1,0,1,1,3,1,1,2,17,67.16247617
2.02E+11,1.00E+00,3,32,2802,32,2,8,1,1,0,0,1,0,1,1,2018,2,11,15,35,2,2,0,0,1,1,0,4,1,2,0,2,0,0,0,0,0,2,11,15,35,0,0,1,1,2,2,1,2,17,160.6293769
2.02E+11,1.00E+00,4,10,329,10,1,9,2,2,0,0,2,0,0,3,2018,3,9,43,12,2,0,7,8,3,3,0,1,1,1,0,1,0,0,0,0,0,3,9,43,12,7,0,3,1,1,0,0,2,21,212.2904203
2.02E+11,1.00E+00,4,10,329,10,1,2,1,1,0,1,1,1,1,3,2018,6,14,40,8,2,1,0,8,3,2,0,1,1,10,2,2,0,0,0,0,0,6,14,40,8,0,0,3,1,2,1,1,2,21,37.18117358
2.02E+11,1.00E+00,3,38,573,38,1,8,2,2,0,0,2,0,1,2,2018,1,18,53,12,2,1,1,0,1,1,0,1,3,2,0,2,0,0,0,0,0,1,18,53,12,1,0,1,3,2,1,1,2,14,159.5485496
2.02E+11,1.00E+00,3,51,1098,51,1,7,2,2,0,0,5,0,0,2,2018,4,19,25,12,2,0,7,0,1,1,0,1,2,1,0,1,0,1,0,0,0,4,19,25,12,7,0,1,2,1,0,0,2,10,134.1549106
2.02E+11,1.00E+00,3,51,1098,51,1,2,1,1,0,1,1,1,1,2,2018,6,7,20,9,2,2,0,8,3,2,0,1,1,1,0,1,0,0,0,0,0,6,7,20,9,0,0,3,1,1,2,1,2,10,29.85629098
2.02E+11,1.00E+00,3,51,1080,51,1,6,2,2,0,0,2,0,1,2,2018,6,8,44,12,2,1,1,0,1,1,0,1,1,2,0,2,0,0,0,0,0,6,8,44,12,1,0,1,1,2,1,1,2,10,67.85786884
2.02E+11,1.00E+00,3,51,1078,51,1,9,3,3,0,0,5,0,0,2,2018,1,14,10,12,2,0,1,8,3,2,0,1,1,10,0,10,0,0,0,0,0,1,14,10,12,1,0,3,1,10,0,0,2,10,170.9125413
2.02E+11,1.00E+00,3,51,1078,51,1,8,1,1,0,0,1,0,1,2,2018,2,7,10,33,2,1,0,0,1,1,0,4,1,10,0,10,0,0,0,0,0,2,7,10,33,0,0,1,1,10,1,1,2,10,161.7415075
2.02E+11,1.00E+00,3,51,1098,51,1,9,2,2,0,0,2,0,0,2,2018,3,16,49,12,2,0,1,0,1,1,0,1,8,98,0,98,0,1,0,0,0,3,16,49,12,1,0,1,1,1,0,0,2,10,170.9125413
2.02E+11,1.00E+00,3,51,1098,51,1,6,2,2,0,0,3,0,3,2,2018,3,17,45,12,2,1,6,8,3,2,0,1,1,10,0,10,0,0,0,0,0,3,17,45,12,6,0,3,1,10,1,3,2,10,67.85786884
2.02E+11,1.00E+00,3,51,1098,51,1,10,2,2,0,0,2,0,0,2,2018,4,7,0,12,2,0,7,0,1,1,0,1,1,1,0,1,0,0,0,0,0,4,7,0,12,7,0,1,1,1,0,0,2,10,239.8061849
2.02E+11,1.00E+00,3,32,2802,32,2,7,2,2,0,0,5,0,0,1,2018,6,15,38,12,2,0,6,0,8,1,0,1,1,2,0,2,0,0,0,0,0,6,15,38,12,6,0,8,1,2,0,0,2,17,129.8865593
2.02E+11,1.00E+00,3,32,2802,32,2,10,2,2,0,0,2,0,0,1,2018,6,17,38,12,2,0,1,8,3,4,0,1,1,1,0,1,0,0,0,0,0,6,17,38,12,1,0,3,1,1,0,0,2,17,232.7173336
2.02E+11,1.00E+00,3,32,2802,32,2,9,2,2,0,0,4,0,0,1,2018,7,13,9,12,2,0,1,0,1,1,0,1,1,10,0,10,0,0,0,0,0,7,13,9,12,1,0,1,1,10,0,0,2,17,168.3067344
2.02E+11,1.00E+00,3,32,2802,32,2,8,2,2,0,0,3,0,1,1,2018,7,23,7,12,2,2,6,0,8,1,0,1,3,1,0,1,0,0,0,0,0,7,23,7,12,6,0,8,3,1,2,1,2,17,160.6293769
2.02E+11,1.00E+00,2,77,641,77,2,10,2,1,1,0,1,0,0,3,2018,7,21,37,14,2,0,0,8,8,1,0,7,2,10,0,10,0,0,0,0,0,7,21,37,14,0,0,8,2,10,0,0,2,9,234.8832349
2.02E+11,1.00E+00,2,77,641,77,2,8,2,2,0,0,3,0,1,3,2018,5,17,13,12,2,1,6,8,2,2,0,1,1,1,0,1,0,0,0,0,0,5,17,13,12,6,0,2,1,1,1,1,2,9,160.4076611
2.02E+11,1.00E+00,2,77,641,77,2,9,1,1,0,0,1,0,0,3,2018,7,0,0,43,2,0,0,8,3,98,0,4,9,1,0,1,0,0,0,0,0,7,0,0,43,0,0,3,2,1,0,0,2,9,167.0600857
2.02E+11,1.00E+00,2,77,641,77,2,6,3,3,0,0,3,0,1,3,2018,2,9,40,12,2,1,1,8,3,3,0,1,1,2,0,2,0,0,0,0,0,2,9,40,12,1,0,3,1,2,1,1,2,9,74.11694295
2.02E+11,1.00E+00,2,77,641,77,2,7,2,1,1,0,1,0,0,3,2018,6,7,30,14,2,0,0,8,3,98,0,7,1,1,0,1,1,0,0,0,0,6,7,30,14,0,0,3,1,1,0,0,2,9,135.3841403
2.02E+11,1.00E+00,2,77,652,77,2,10,1,1,0,0,2,0,0,3,2018,6,20,41,11,2,0,0,0,1,1,0,1,8,98,0,98,0,0,0,0,0,6,20,41,11,0,0,1,2,1,1,1,2,9,234.8832349
2.02E+11,1.00E+00,2,77,687,77,2,9,2,2,0,0,2,0,0,3,2018,6,10,18,12,2,0,6,8,2,2,0,1,1,10,0,10,0,0,0,0,0,6,10,18,12,6,0,2,1,10,0,0,2,9,238.4839313
2.02E+11,1.00E+00,2,77,625,77,2,10,1,1,0,0,3,0,0,3,2018,1,3,0,57,2,0,0,0,1,1,0,3,2,1,0,1,0,1,0,0,0,1,3,0,57,0,0,1,2,1,0,0,2,9,234.8832348
2.02E+11,1.00E+00,2,77,625,77,2,8,2,2,0,0,2,0,2,3,2018,3,7,24,12,2,1,1,0,1,1,0,1,1,4,10,4,0,0,0,0,0,3,7,24,12,1,0,1,1,4,1,2,2,9,160.407661
2.02E+11,1.00E+00,3,33,1484,33,1,9,2,2,0,0,3,0,0,2,2018,1,9,58,12,2,0,7,0,1,1,0,1,1,1,0,1,0,0,0,0,0,1,9,58,12,7,0,1,1,1,0,0,2,11,170.3510796
2.02E+11,1.00E+00,3,83,2809,83,1,10,2,2,0,0,2,0,0,1,2018,3,8,32,12,2,0,1,0,1,1,0,1,1,1,0,1,0,0,0,0,0,3,8,32,12,1,0,1,1,1,0,0,2,13,239.7806843
2.02E+11,1.00E+00,3,54,517,54,1,9,2,2,0,0,3,0,0,2,2018,7,19,34,12,2,0,1,0,1,1,0,1,2,10,0,10,0,0,0,0,0,7,19,34,12,1,0,1,2,10,0,0,2,14,170.6048825
2.02E+11,1.00E+00,3,38,573,38,1,10,2,2,0,0,2,0,0,2,2018,1,16,57,12,2,0,1,0,1,1,0,1,1,2,0,2,0,0,0,0,0,1,16,57,12,1,0,1,1,2,0,0,2,14,239.7134985
2.02E+11,1.00E+00,3,82,2211,82,2,5,1,1,0,0,2,0,2,1,2018,4,12,50,38,2,3,0,8,98,1,0,5,1,1,0,1,0,0,0,0,0,4,12,50,38,0,0,1,1,1,3,2,2,19,25.52720877
2.02E+11,1.00E+00,3,83,2807,83,1,9,2,2,0,0,3,0,0,1,2018,6,17,11,12,2,0,7,0,1,1,0,1,5,4,0,4,0,0,0,0,0,6,17,11,12,7,0,1,5,4,0,0,2,13,170.5424068
2.02E+11,1.00E+00,3,82,2152,82,2,5,3,3,0,0,5,0,2,2,2018,6,20,47,12,2,3,1,0,3,98,0,1,3,10,0,10,0,0,0,0,0,6,20,47,12,1,0,3,3,10,3,2,2,19,25.52720877
2.02E+11,1.00E+00,3,82,2152,82,2,6,2,2,0,0,3,0,1,2,2018,6,19,4,12,2,1,1,0,1,1,0,1,3,10,0,10,0,0,0,0,0,6,19,4,12,1,0,1,3,10,1,1,2,19,64.46572721
2.02E+11,1.00E+00,3,82,2152,82,2,9,1,1,0,0,1,0,0,2,2018,6,19,2,18,2,0,0,0,1,1,0,1,2,10,0,10,0,0,0,0,0,6,19,2,18,0,0,1,2,10,0,0,2,19,160.110864
2.02E+11,1.00E+00,3,82,2152,82,2,10,2,2,0,0,5,0,0,2,2018,5,11,45,12,2,0,7,0,2,2,0,1,1,10,0,10,0,0,0,0,0,5,11,45,12,7,0,2,1,10,0,0,2,19,228.3089734
2.02E+11,1.00E+00,2,29,972,29,1,6,2,2,0,0,4,0,2,1,2018,2,18,10,12,2,1,1,0,3,98,0,1,3,1,0,1,0,0,0,0,0,2,18,10,12,1,0,3,3,1,1,2,2,7,65.50257494
2.02E+11,1.00E+00,3,65,2854,65,1,8,1,1,0,0,3,0,1,2,2018,3,19,40,33,2,2,0,0,3,3,0,3,3,2,0,2,0,0,0,0,0,3,19,40,33,0,0,3,3,2,2,1,2,13,159.3853443
2.02E+11,1.00E+00,3,82,2152,82,2,9,2,2,0,0,2,0,0,2,2018,4,18,36,12,2,0,7,0,1,1,0,1,5,10,0,10,0,0,0,0,0,4,18,36,12,7,0,1,5,10,0,0,2,19,160.110864
2.02E+11,1.00E+00,3,82,2152,82,2,5,2,2,0,0,2,0,2,2,2018,5,16,18,12,2,3,9,0,1,1,0,1,1,10,0,10,0,0,0,0,0,5,16,18,12,9,0,1,1,10,3,2,2,19,25.52720877
2.02E+11,1.00E+00,3,82,2152,82,2,6,2,2,0,0,2,0,2,1,2018,2,9,38,12,2,2,1,0,1,1,0,1,1,1,0,1,0,0,0,0,0,2,9,38,12,1,0,1,1,1,2,2,2,19,64.46572721
2.02E+11,1.00E+00,3,82,2152,82,2,10,2,2,0,0,3,0,0,1,2018,2,12,25,12,2,0,7,0,1,1,0,1,1,10,0,10,0,0,0,0,0,2,12,25,12,7,0,1,1,10,0,0,2,19,228.3089734
2.02E+11,1.00E+00,3,82,2152,82,2,8,3,3,0,0,5,0,1,1,2018,2,16,0,12,2,2,6,0,2,2,0,1,1,1,0,1,0,0,0,0,0,2,16,0,12,6,0,2,1,1,2,1,2,19,154.3885586